song,performer,week_id,week_position,year,weeks_on_chart
Stuck With U,Ariana Grande & Justin Bieber,2020-05-23,1,2020,1
Rain On Me,Lady Gaga & Ariana Grande,2020-06-06,1,2020,1
Cardigan,Taylor Swift,2020-08-08,1,2020,1
Positions,Ariana Grande,2020-11-07,1,2020,1
Peaches,Justin Bieber Featuring Daniel Caesar & Giveon,2021-04-03,1,2021,1
Rapstar,Polo G,2021-04-24,1,2021,1
Calling My Phone,Lil Tjay Featuring 6LACK,2021-02-27,3,2021,1
Rockstar,DaBaby Featuring Roddy Ricch,2020-05-02,9,2020,1
Dynamite,BTS,2020-09-05,1,2020,1
Franchise,Travis Scott Featuring Young Thug & M.I.A.,2020-10-10,1,2020,1
Life Goes On,BTS,2020-12-05,1,2020,1
Drivers License,Olivia Rodrigo,2021-01-23,1,2021,1
Montero (Call Me By Your Name),Lil Nas X,2021-04-10,1,2021,1
Good 4 U,Olivia Rodrigo,2021-05-29,1,2021,1
my.life,"J. Cole, 21 Savage & Morray",2021-05-29,2,2021,1
Lemon Pepper Freestyle,Drake Featuring Rick Ross,2021-03-20,3,2021,1
Leave The Door Open,Silk Sonic (Bruno Mars & Anderson .Paak),2021-03-20,4,2021,1
Rain On Me,Lady Gaga & Ariana Grande,2020-07-25,28,2020,8
Savage Love (Laxed - Siren Beat),Jawsh 685 x Jason Derulo,2020-06-27,81,2020,1
Say So,Doja Cat Featuring Nicki Minaj,2020-03-07,33,2020,8
Stuck With U,Ariana Grande & Justin Bieber,2020-07-11,34,2020,8
34+35,Ariana Grande Feat. Doja Cat & Megan Thee Stallion,2021-01-02,40,2021,8
Say So,Doja Cat Featuring Nicki Minaj,2020-01-18,95,2020,1
Save Your Tears,The Weeknd & Ariana Grande,2021-01-09,95,2021,1
Savage,Megan Thee Stallion,2020-03-28,98,2020,1
Rapstar,Polo G,2021-05-01,1,2021,2
Positions,Ariana Grande,2020-11-14,2,2020,2
Peaches,Justin Bieber Featuring Daniel Caesar & Giveon,2021-04-10,2,2021,2
Rain On Me,Lady Gaga & Ariana Grande,2020-06-13,5,2020,2
Cardigan,Taylor Swift,2020-09-26,52,2020,8
Cardigan,Don Toliver,2020-03-28,90,2020,1
Say So,Doja Cat Featuring Nicki Minaj,2020-01-25,77,2020,2
Savage Love (Laxed - Siren Beat),Jawsh 685 x Jason Derulo,2020-07-04,43,2020,2
Save Your Tears,The Weeknd & Ariana Grande,2021-01-16,46,2021,2
Cardigan,Taylor Swift,2020-08-15,8,2020,2
Calling My Phone,Lil Tjay Featuring 6LACK,2021-03-06,8,2021,2
Stuck With U,Ariana Grande & Justin Bieber,2020-05-30,13,2020,2
Rockstar,DaBaby Featuring Roddy Ricch,2020-05-09,14,2020,2
Savage,Megan Thee Stallion,2020-04-04,20,2020,2
Positions,Ariana Grande,2020-11-21,2,2020,3
Peaches,Justin Bieber Featuring Daniel Caesar & Giveon,2021-04-17,3,2021,3
Rapstar,Polo G,2021-05-08,4,2021,3
Calling My Phone,Lil Tjay Featuring 6LACK,2021-03-13,8,2021,3
Rockstar,DaBaby Featuring Roddy Ricch,2020-05-16,9,2020,3
Rain On Me,Lady Gaga & Ariana Grande,2020-06-20,10,2020,3
Stuck With U,Ariana Grande & Justin Bieber,2020-06-06,15,2020,3
Savage,Megan Thee Stallion,2020-04-11,18,2020,3
Save Your Tears,The Weeknd & Ariana Grande,2021-01-23,21,2021,3
Cardigan,Taylor Swift,2020-08-22,24,2020,3
The Box,Roddy Ricch,2020-01-04,13,2020,3
The Box,Roddy Ricch,2020-01-11,3,2020,4
The Box,Roddy Ricch,2020-01-18,1,2020,5
The Box,Roddy Ricch,2020-01-25,1,2020,6
The Box,Roddy Ricch,2020-02-01,1,2020,7
The Box,Roddy Ricch,2020-02-08,1,2020,8
The Box,Roddy Ricch,2020-02-15,1,2020,9
The Box,Roddy Ricch,2020-02-22,1,2020,10
The Box,Roddy Ricch,2020-02-29,1,2020,11
The Box,Roddy Ricch,2020-03-07,1,2020,12
The Box,Roddy Ricch,2020-03-14,1,2020,13
The Box,Roddy Ricch,2020-03-21,1,2020,14
The Box,Roddy Ricch,2020-03-28,1,2020,15
The Box,Roddy Ricch,2020-04-04,2,2020,16
The Box,Roddy Ricch,2020-04-11,2,2020,17
The Box,Roddy Ricch,2020-04-18,3,2020,18
The Box,Roddy Ricch,2020-04-25,3,2020,19
The Box,Roddy Ricch,2020-05-02,3,2020,20
The Box,Roddy Ricch,2020-05-09,5,2020,21
The Box,Roddy Ricch,2020-05-16,5,2020,22
The Box,Roddy Ricch,2020-05-23,7,2020,23
The Box,Roddy Ricch,2020-05-30,7,2020,24
The Box,Roddy Ricch,2020-06-06,8,2020,25
The Box,Roddy Ricch,2020-06-13,9,2020,26
The Box,Roddy Ricch,2020-06-20,9,2020,27
The Box,Roddy Ricch,2020-06-27,10,2020,28
The Box,Roddy Ricch,2020-07-04,15,2020,29
The Box,Roddy Ricch,2020-07-11,16,2020,30
The Box,Roddy Ricch,2020-07-18,21,2020,31
The Box,Roddy Ricch,2020-07-25,40,2020,32
The Box,Roddy Ricch,2020-08-01,34,2020,33
The Box,Roddy Ricch,2020-08-08,45,2020,34
The Box,Roddy Ricch,2020-08-15,37,2020,35
The Box,Roddy Ricch,2020-08-22,42,2020,36
The Box,Roddy Ricch,2020-08-29,47,2020,37
The Box,Roddy Ricch,2020-09-05,48,2020,38
Say So,Doja Cat Featuring Nicki Minaj,2020-02-01,92,2020,3
Positions,Ariana Grande,2020-11-28,3,2020,4
Peaches,Justin Bieber Featuring Daniel Caesar & Giveon,2021-04-24,4,2021,4
Rapstar,Polo G,2021-05-15,6,2021,4
Rockstar,DaBaby Featuring Roddy Ricch,2020-05-23,8,2020,4
Rain On Me,Lady Gaga & Ariana Grande,2020-06-27,9,2020,4
Mood,24kGoldn Featuring iann dior,2020-08-22,84,2020,1
Rockstar,DaBaby Featuring Roddy Ricch,2020-06-27,2,2020,9
Savage,Megan Thee Stallion,2020-05-23,5,2020,9
Peaches,Justin Bieber Featuring Daniel Caesar & Giveon,2021-05-29,6,2021,9
Save Your Tears,The Weeknd & Ariana Grande,2021-03-06,6,2021,9
Savage Love (Laxed - Siren Beat),Jawsh 685 x Jason Derulo,2020-08-22,7,2020,9
Calling My Phone,Lil Tjay Featuring 6LACK,2021-04-24,13,2021,9
Positions,Ariana Grande,2021-01-02,14,2021,9
Rain On Me,Lady Gaga & Ariana Grande,2020-08-01,14,2020,9
Say So,Doja Cat Featuring Nicki Minaj,2020-03-14,16,2020,9
34+35,Ariana Grande Feat. Doja Cat & Megan Thee Stallion,2021-01-09,19,2021,9
Stuck With U,Ariana Grande & Justin Bieber,2020-07-18,45,2020,9
Cardigan,Taylor Swift,2020-10-03,49,2020,9
Say So,Doja Cat Featuring Nicki Minaj,2020-02-08,73,2020,4
The Scotts,"THE SCOTTS, Travis Scott & Kid Cudi",2020-05-09,1,2020,1
The Scotts,"THE SCOTTS, Travis Scott & Kid Cudi",2020-05-16,12,2020,2
The Scotts,"THE SCOTTS, Travis Scott & Kid Cudi",2020-05-23,15,2020,3
The Scotts,"THE SCOTTS, Travis Scott & Kid Cudi",2020-05-30,16,2020,4
The Scotts,"THE SCOTTS, Travis Scott & Kid Cudi",2020-06-06,17,2020,5
The Scotts,"THE SCOTTS, Travis Scott & Kid Cudi",2020-06-13,22,2020,6
The Scotts,"THE SCOTTS, Travis Scott & Kid Cudi",2020-06-20,25,2020,7
The Scotts,"THE SCOTTS, Travis Scott & Kid Cudi",2020-06-27,32,2020,8
The Scotts,"THE SCOTTS, Travis Scott & Kid Cudi",2020-07-04,35,2020,9
The Scotts,"THE SCOTTS, Travis Scott & Kid Cudi",2020-07-11,38,2020,10
The Scotts,"THE SCOTTS, Travis Scott & Kid Cudi",2020-07-18,53,2020,11
The Scotts,"THE SCOTTS, Travis Scott & Kid Cudi",2020-07-25,69,2020,12
The Scotts,"THE SCOTTS, Travis Scott & Kid Cudi",2020-08-01,74,2020,13
Say So,Doja Cat Featuring Nicki Minaj,2020-02-15,67,2020,5
Savage Love (Laxed - Siren Beat),Jawsh 685 x Jason Derulo,2020-07-11,31,2020,3
Save Your Tears,The Weeknd & Ariana Grande,2021-02-13,8,2021,6
Rain On Me,Lady Gaga & Ariana Grande,2020-07-11,12,2020,6
Savage Love (Laxed - Siren Beat),Jawsh 685 x Jason Derulo,2020-08-01,12,2020,6
Calling My Phone,Lil Tjay Featuring 6LACK,2021-04-03,14,2021,6
Savage,Megan Thee Stallion,2020-05-02,14,2020,6
Rapstar,Polo G,2021-05-29,15,2021,6
Stuck With U,Ariana Grande & Justin Bieber,2020-06-27,26,2020,6
Trollz,6ix9ine & Nicki Minaj,2020-06-27,1,2020,1
Trollz,6ix9ine & Nicki Minaj,2020-07-04,34,2020,2
Trollz,6ix9ine & Nicki Minaj,2020-07-11,54,2020,3
Trollz,6ix9ine & Nicki Minaj,2020-07-18,83,2020,4
Rockstar,DaBaby Featuring Roddy Ricch,2020-07-04,1,2020,10
Savage,Megan Thee Stallion,2020-05-30,1,2020,10
Positions,Ariana Grande,2021-01-09,2,2021,10
Save Your Tears,The Weeknd & Ariana Grande,2021-03-13,6,2021,10
Savage Love (Laxed - Siren Beat),Jawsh 685 x Jason Derulo,2020-08-29,9,2020,10
34+35,Ariana Grande Feat. Doja Cat & Megan Thee Stallion,2021-01-16,13,2021,10
Calling My Phone,Lil Tjay Featuring 6LACK,2021-05-01,16,2021,10
Say So,Doja Cat Featuring Nicki Minaj,2020-03-21,19,2020,10
Rain On Me,Lady Gaga & Ariana Grande,2020-08-08,29,2020,10
Cardigan,Taylor Swift,2020-10-10,53,2020,10
Stuck With U,Ariana Grande & Justin Bieber,2020-07-25,66,2020,10
Rockstar,DaBaby Featuring Roddy Ricch,2020-07-11,1,2020,11
Savage,Megan Thee Stallion,2020-06-06,2,2020,11
Positions,Ariana Grande,2021-01-16,2,2021,11
Save Your Tears,The Weeknd & Ariana Grande,2021-03-20,7,2021,11
Savage Love (Laxed - Siren Beat),Jawsh 685 x Jason Derulo,2020-09-05,9,2020,11
34+35,Ariana Grande Feat. Doja Cat & Megan Thee Stallion,2021-01-23,11,2021,11
Calling My Phone,Lil Tjay Featuring 6LACK,2021-05-08,14,2021,11
Say So,Doja Cat Featuring Nicki Minaj,2020-03-28,14,2020,11
Rain On Me,Lady Gaga & Ariana Grande,2020-08-15,35,2020,11
Stuck With U,Ariana Grande & Justin Bieber,2020-08-01,58,2020,11
Dynamite,BTS,2020-09-12,1,2020,2
Drivers License,Olivia Rodrigo,2021-01-30,1,2021,2
Montero (Call Me By Your Name),Lil Nas X,2021-04-17,2,2021,2
Leave The Door Open,Silk Sonic (Bruno Mars & Anderson .Paak),2021-03-27,2,2021,2
Franchise,Travis Scott Featuring Young Thug & M.I.A.,2020-10-17,25,2020,2
Mood,24kGoldn Featuring iann dior,2020-08-29,26,2020,2
Life Goes On,BTS,2020-12-12,28,2020,2
Lemon Pepper Freestyle,Drake Featuring Rick Ross,2021-03-27,31,2021,2
Peaches,Justin Bieber Featuring Daniel Caesar & Giveon,2021-05-01,3,2021,5
Positions,Ariana Grande,2020-12-05,4,2020,5
Rockstar,DaBaby Featuring Roddy Ricch,2020-05-30,4,2020,5
Rapstar,Polo G,2021-05-22,7,2021,5
Rain On Me,Lady Gaga & Ariana Grande,2020-07-04,11,2020,5
Calling My Phone,Lil Tjay Featuring 6LACK,2021-03-27,13,2021,5
Savage,Megan Thee Stallion,2020-04-25,14,2020,5
Save Your Tears,The Weeknd & Ariana Grande,2021-02-06,14,2021,5
Savage Love (Laxed - Siren Beat),Jawsh 685 x Jason Derulo,2020-07-25,19,2020,5
Stuck With U,Ariana Grande & Justin Bieber,2020-06-20,20,2020,5
Cardigan,Taylor Swift,2020-09-05,36,2020,5
Say So,Doja Cat Featuring Nicki Minaj,2020-02-22,58,2020,6
Rockstar,DaBaby Featuring Roddy Ricch,2020-06-13,1,2020,7
Peaches,Justin Bieber Featuring Daniel Caesar & Giveon,2021-05-15,3,2021,7
Positions,Ariana Grande,2020-12-19,4,2020,7
Save Your Tears,The Weeknd & Ariana Grande,2021-02-20,4,2021,7
Savage,Megan Thee Stallion,2020-05-09,4,2020,7
Toosie Slide,Drake,2020-04-18,1,2020,1
Toosie Slide,Drake,2020-04-25,2,2020,2
Toosie Slide,Drake,2020-05-02,2,2020,3
Toosie Slide,Drake,2020-05-09,3,2020,4
Toosie Slide,Drake,2020-05-16,4,2020,5
Toosie Slide,Drake,2020-05-23,6,2020,6
Toosie Slide,Drake,2020-05-30,5,2020,7
Toosie Slide,Drake,2020-06-06,6,2020,8
Toosie Slide,Drake,2020-06-13,6,2020,9
Toosie Slide,Drake,2020-06-20,6,2020,10
Toosie Slide,Drake,2020-06-27,12,2020,11
Toosie Slide,Drake,2020-07-04,20,2020,12
Toosie Slide,Drake,2020-07-11,26,2020,13
Toosie Slide,Drake,2020-07-18,38,2020,14
Toosie Slide,Drake,2020-07-25,54,2020,15
Toosie Slide,Drake,2020-08-01,45,2020,16
Toosie Slide,Drake,2020-08-08,75,2020,17
Toosie Slide,Drake,2020-08-15,64,2020,18
Toosie Slide,Drake,2020-08-22,68,2020,19
Toosie Slide,Drake,2020-08-29,72,2020,20
Wants And Needs,Drake Featuring Lil Baby,2021-03-20,2,2021,1
Wants And Needs,Drake Featuring Lil Baby,2021-03-27,10,2021,2
Wants And Needs,Drake Featuring Lil Baby,2021-04-03,19,2021,3
Wants And Needs,Drake Featuring Lil Baby,2021-04-10,34,2021,4
Wants And Needs,Drake Featuring Lil Baby,2021-04-17,38,2021,5
Wants And Needs,Drake Featuring Lil Baby,2021-04-24,47,2021,6
Wants And Needs,Drake Featuring Lil Baby,2021-05-01,36,2021,7
Wants And Needs,Drake Featuring Lil Baby,2021-05-08,39,2021,8
Wants And Needs,Drake Featuring Lil Baby,2021-05-15,42,2021,9
Wants And Needs,Drake Featuring Lil Baby,2021-05-22,38,2021,10
Wants And Needs,Drake Featuring Lil Baby,2021-05-29,49,2021,11
WAP,Cardi B Featuring Megan Thee Stallion,2020-08-22,1,2020,1
WAP,Cardi B Featuring Megan Thee Stallion,2020-08-29,1,2020,2
WAP,Cardi B Featuring Megan Thee Stallion,2020-09-05,2,2020,3
WAP,Cardi B Featuring Megan Thee Stallion,2020-09-12,2,2020,4
WAP,Cardi B Featuring Megan Thee Stallion,2020-09-19,1,2020,5
WAP,Cardi B Featuring Megan Thee Stallion,2020-09-26,1,2020,6
WAP,Cardi B Featuring Megan Thee Stallion,2020-10-03,2,2020,7
WAP,Cardi B Featuring Megan Thee Stallion,2020-10-10,3,2020,8
WAP,Cardi B Featuring Megan Thee Stallion,2020-10-17,3,2020,9
WAP,Cardi B Featuring Megan Thee Stallion,2020-10-24,2,2020,10
WAP,Cardi B Featuring Megan Thee Stallion,2020-10-31,2,2020,11
WAP,Cardi B Featuring Megan Thee Stallion,2020-11-07,7,2020,12
WAP,Cardi B Featuring Megan Thee Stallion,2020-11-14,10,2020,13
WAP,Cardi B Featuring Megan Thee Stallion,2020-11-21,11,2020,14
WAP,Cardi B Featuring Megan Thee Stallion,2020-11-28,16,2020,15
WAP,Cardi B Featuring Megan Thee Stallion,2020-12-05,23,2020,16
WAP,Cardi B Featuring Megan Thee Stallion,2020-12-12,33,2020,17
WAP,Cardi B Featuring Megan Thee Stallion,2020-12-19,43,2020,18
WAP,Cardi B Featuring Megan Thee Stallion,2020-12-26,55,2020,19
Watermelon Sugar,Harry Styles,2020-01-04,87,2020,5
Watermelon Sugar,Harry Styles,2020-01-11,82,2020,6
Watermelon Sugar,Harry Styles,2020-01-18,81,2020,7
Watermelon Sugar,Harry Styles,2020-01-25,94,2020,8
Watermelon Sugar,Harry Styles,2020-05-30,64,2020,9
Watermelon Sugar,Harry Styles,2020-06-06,45,2020,10
Watermelon Sugar,Harry Styles,2020-06-13,40,2020,11
Watermelon Sugar,Harry Styles,2020-06-20,29,2020,12
Watermelon Sugar,Harry Styles,2020-06-27,19,2020,13
Watermelon Sugar,Harry Styles,2020-07-04,16,2020,14
Watermelon Sugar,Harry Styles,2020-07-11,8,2020,15
Watermelon Sugar,Harry Styles,2020-07-18,7,2020,16
Watermelon Sugar,Harry Styles,2020-07-25,11,2020,17
Watermelon Sugar,Harry Styles,2020-08-01,7,2020,18
Watermelon Sugar,Harry Styles,2020-08-08,7,2020,19
Watermelon Sugar,Harry Styles,2020-08-15,1,2020,20
Watermelon Sugar,Harry Styles,2020-08-22,5,2020,21
Watermelon Sugar,Harry Styles,2020-08-29,7,2020,22
Watermelon Sugar,Harry Styles,2020-09-05,7,2020,23
Watermelon Sugar,Harry Styles,2020-09-12,6,2020,24
Watermelon Sugar,Harry Styles,2020-09-19,7,2020,25
Watermelon Sugar,Harry Styles,2020-09-26,7,2020,26
Watermelon Sugar,Harry Styles,2020-10-03,8,2020,27
Watermelon Sugar,Harry Styles,2020-10-10,9,2020,28
Watermelon Sugar,Harry Styles,2020-10-17,11,2020,29
Watermelon Sugar,Harry Styles,2020-10-24,9,2020,30
Watermelon Sugar,Harry Styles,2020-10-31,11,2020,31
Watermelon Sugar,Harry Styles,2020-11-07,15,2020,32
Watermelon Sugar,Harry Styles,2020-11-14,17,2020,33
Watermelon Sugar,Harry Styles,2020-11-21,18,2020,34
Watermelon Sugar,Harry Styles,2020-11-28,21,2020,35
Watermelon Sugar,Harry Styles,2020-12-05,36,2020,36
Watermelon Sugar,Harry Styles,2020-12-12,50,2020,37
Calling My Phone,Lil Tjay Featuring 6LACK,2021-03-20,14,2021,4
Savage,Megan Thee Stallion,2020-04-18,14,2020,4
Stuck With U,Ariana Grande & Justin Bieber,2020-06-13,17,2020,4
Save Your Tears,The Weeknd & Ariana Grande,2021-01-30,20,2021,4
Savage Love (Laxed - Siren Beat),Jawsh 685 x Jason Derulo,2020-07-18,29,2020,4
Cardigan,Taylor Swift,2020-08-29,33,2020,4
Rockin' Around The Christmas Tree,Justin Bieber,2021-01-02,61,2021,4
Life Goes On,BTS,2020-12-19,93,2020,3
Drivers License,Olivia Rodrigo,2021-02-13,1,2021,4
Dynamite,BTS,2020-09-26,2,2020,4
Leave The Door Open,Silk Sonic (Bruno Mars & Anderson .Paak),2021-04-10,3,2021,4
Montero (Call Me By Your Name),Lil Nas X,2021-05-01,4,2021,4
Mood,24kGoldn Featuring iann dior,2020-09-12,8,2020,4
Up,Cardi B,2021-02-20,2,2021,1
Up,Cardi B,2021-02-27,5,2021,2
Up,Cardi B,2021-03-06,2,2021,3
Up,Cardi B,2021-03-13,2,2021,4
Up,Cardi B,2021-03-20,6,2021,5
Up,Cardi B,2021-03-27,1,2021,6
Up,Cardi B,2021-04-03,2,2021,7
Up,Cardi B,2021-04-10,4,2021,8
Up,Cardi B,2021-04-17,4,2021,9
Up,Cardi B,2021-04-24,8,2021,10
Up,Cardi B,2021-05-01,9,2021,11
Up,Cardi B,2021-05-08,9,2021,12
Up,Cardi B,2021-05-15,12,2021,13
Up,Cardi B,2021-05-22,14,2021,14
Up,Cardi B,2021-05-29,27,2021,15
What's Next,Drake,2021-03-20,1,2021,1
What's Next,Drake,2021-03-27,4,2021,2
What's Next,Drake,2021-04-03,8,2021,3
What's Next,Drake,2021-04-10,13,2021,4
What's Next,Drake,2021-04-17,17,2021,5
What's Next,Drake,2021-04-24,25,2021,6
What's Next,Drake,2021-05-01,28,2021,7
What's Next,Drake,2021-05-08,30,2021,8
What's Next,Drake,2021-05-15,45,2021,9
What's Next,Drake,2021-05-22,52,2021,10
What's Next,Drake,2021-05-29,66,2021,11
Peaches,Justin Bieber Featuring Daniel Caesar & Giveon,2021-05-08,3,2021,6
Positions,Ariana Grande,2020-12-12,3,2020,6
Rockstar,DaBaby Featuring Roddy Ricch,2020-06-06,3,2020,6
Savage Love (Laxed - Siren Beat),Jawsh 685 x Jason Derulo,2020-08-08,10,2020,7
Rain On Me,Lady Gaga & Ariana Grande,2020-07-18,16,2020,7
Calling My Phone,Lil Tjay Featuring 6LACK,2021-04-10,18,2021,7
Stuck With U,Ariana Grande & Justin Bieber,2020-07-04,28,2020,7
Say So,Doja Cat Featuring Nicki Minaj,2020-02-29,51,2020,7
Cardigan,Taylor Swift,2020-09-19,52,2020,7
Rockstar,DaBaby Featuring Roddy Ricch,2020-06-20,1,2020,8
Savage,Megan Thee Stallion,2020-05-16,2,2020,8
Peaches,Justin Bieber Featuring Daniel Caesar & Giveon,2021-05-22,3,2021,8
Save Your Tears,The Weeknd & Ariana Grande,2021-02-27,6,2021,8
Savage Love (Laxed - Siren Beat),Jawsh 685 x Jason Derulo,2020-08-15,7,2020,8
Positions,Ariana Grande,2020-12-26,8,2020,8
Calling My Phone,Lil Tjay Featuring 6LACK,2021-04-17,11,2021,8
Cardigan,Taylor Swift,2020-09-12,45,2020,6
Drivers License,Olivia Rodrigo,2021-02-06,1,2021,3
Dynamite,BTS,2020-09-19,2,2020,3
Montero (Call Me By Your Name),Lil Nas X,2021-04-24,2,2021,3
Leave The Door Open,Silk Sonic (Bruno Mars & Anderson .Paak),2021-04-03,3,2021,3
Mood,24kGoldn Featuring iann dior,2020-09-05,12,2020,3
Franchise,Travis Scott Featuring Young Thug & M.I.A.,2020-10-24,23,2020,3
Lemon Pepper Freestyle,Drake Featuring Rick Ross,2021-04-03,56,2021,3
Franchise,Travis Scott Featuring Young Thug & M.I.A.,2020-11-07,51,2020,5
Lemon Pepper Freestyle,Drake Featuring Rick Ross,2021-04-17,70,2021,5
Drivers License,Olivia Rodrigo,2021-02-27,1,2021,6
Dynamite,BTS,2020-10-10,2,2020,6
Leave The Door Open,Silk Sonic (Bruno Mars & Anderson .Paak),2021-04-24,3,2021,6
Mood,24kGoldn Featuring iann dior,2020-09-26,6,2020,6
Montero (Call Me By Your Name),Lil Nas X,2021-05-15,9,2021,6
Dynamite,BTS,2020-11-07,12,2020,10
Cardigan,Taylor Swift,2020-10-17,77,2020,11
Rockstar,DaBaby Featuring Roddy Ricch,2020-07-18,1,2020,12
Savage,Megan Thee Stallion,2020-06-13,2,2020,12
34+35,Ariana Grande Feat. Doja Cat & Megan Thee Stallion,2021-01-30,2,2021,12
Positions,Ariana Grande,2021-01-23,3,2021,12
Save Your Tears,The Weeknd & Ariana Grande,2021-03-27,5,2021,12
Savage Love (Laxed - Siren Beat),Jawsh 685 x Jason Derulo,2020-09-12,9,2020,12
Say So,Doja Cat Featuring Nicki Minaj,2020-04-04,9,2020,12
Calling My Phone,Lil Tjay Featuring 6LACK,2021-05-15,13,2021,12
Rain On Me,Lady Gaga & Ariana Grande,2020-08-22,36,2020,12
Cardigan,Taylor Swift,2020-10-24,85,2020,12
Stuck With U,Ariana Grande & Justin Bieber,2020-08-08,88,2020,12
Rockstar,DaBaby Featuring Roddy Ricch,2020-07-25,1,2020,13
Savage,Megan Thee Stallion,2020-06-20,2,2020,13
34+35,Ariana Grande Feat. Doja Cat & Megan Thee Stallion,2021-02-06,4,2021,13
Positions,Ariana Grande,2021-01-30,5,2021,13
Save Your Tears,The Weeknd & Ariana Grande,2021-04-03,5,2021,13
Say So,Doja Cat Featuring Nicki Minaj,2020-04-11,7,2020,13
Savage Love (Laxed - Siren Beat),Jawsh 685 x Jason Derulo,2020-09-19,9,2020,13
Calling My Phone,Lil Tjay Featuring 6LACK,2021-05-22,13,2021,13
Rain On Me,Lady Gaga & Ariana Grande,2020-08-29,44,2020,13
Stuck With U,Ariana Grande & Justin Bieber,2020-08-15,79,2020,13
Cardigan,Taylor Swift,2020-10-31,88,2020,13
Rockstar,DaBaby Featuring Roddy Ricch,2020-08-01,1,2020,14
Savage,Megan Thee Stallion,2020-06-27,4,2020,14
34+35,Ariana Grande Feat. Doja Cat & Megan Thee Stallion,2021-02-13,4,2021,14
Save Your Tears,The Weeknd & Ariana Grande,2021-04-10,6,2021,14
Positions,Ariana Grande,2021-02-06,7,2021,14
Willow,Taylor Swift,2020-12-26,1,2020,1
Calling My Phone,Lil Tjay Featuring 6LACK,2021-05-29,29,2021,14
Franchise,Travis Scott Featuring Young Thug & M.I.A.,2020-10-31,39,2020,4
Franchise,Travis Scott Featuring Young Thug & M.I.A.,2020-11-21,55,2020,7
Drivers License,Olivia Rodrigo,2021-03-13,1,2021,8
Leave The Door Open,Silk Sonic (Bruno Mars & Anderson .Paak),2021-05-08,2,2021,8
Dynamite,BTS,2020-10-24,5,2020,8
Mood,24kGoldn Featuring iann dior,2020-10-10,5,2020,8
Montero (Call Me By Your Name),Lil Nas X,2021-05-29,18,2021,8
Franchise,Travis Scott Featuring Young Thug & M.I.A.,2020-11-14,59,2020,6
Drivers License,Olivia Rodrigo,2021-03-06,1,2021,7
Dynamite,BTS,2020-10-17,2,2020,7
Leave The Door Open,Silk Sonic (Bruno Mars & Anderson .Paak),2021-05-01,2,2021,7
Mood,24kGoldn Featuring iann dior,2020-10-03,5,2020,7
Montero (Call Me By Your Name),Lil Nas X,2021-05-22,10,2021,7
Mood,24kGoldn Featuring iann dior,2020-11-07,3,2020,12
Drivers License,Olivia Rodrigo,2021-04-10,5,2021,12
Leave The Door Open,Silk Sonic (Bruno Mars & Anderson .Paak),2021-05-15,2,2021,9
Mood,24kGoldn Featuring iann dior,2020-10-17,4,2020,9
Drivers License,Olivia Rodrigo,2021-03-20,5,2021,9
Dynamite,BTS,2020-10-31,7,2020,9
Franchise,Travis Scott Featuring Young Thug & M.I.A.,2020-12-05,78,2020,9
Leave The Door Open,Silk Sonic (Bruno Mars & Anderson .Paak),2021-05-22,1,2021,10
Mood,24kGoldn Featuring iann dior,2020-10-24,1,2020,10
Drivers License,Olivia Rodrigo,2021-03-27,3,2021,10
Mood,24kGoldn Featuring iann dior,2020-12-05,2,2020,16
Levitating,Dua Lipa Featuring DaBaby,2021-01-30,6,2021,16
Drivers License,Olivia Rodrigo,2021-05-08,10,2021,16
Dynamite,BTS,2020-12-19,24,2020,16
Mood,24kGoldn Featuring iann dior,2020-10-31,1,2020,11
Leave The Door Open,Silk Sonic (Bruno Mars & Anderson .Paak),2021-05-29,4,2021,11
Drivers License,Olivia Rodrigo,2021-04-03,4,2021,11
Dynamite,BTS,2020-11-14,16,2020,11
Mood,24kGoldn Featuring iann dior,2021-02-06,2,2021,25
Levitating,Dua Lipa Featuring DaBaby,2021-04-03,7,2021,25
Mood,24kGoldn Featuring iann dior,2021-02-13,2,2021,26
Levitating,Dua Lipa Featuring DaBaby,2021-04-10,7,2021,26
Mood,24kGoldn Featuring iann dior,2021-02-20,5,2021,27
Levitating,Dua Lipa Featuring DaBaby,2021-04-17,7,2021,27
Levitating,Dua Lipa Featuring DaBaby,2021-04-24,6,2021,28
Mood,24kGoldn Featuring iann dior,2021-02-27,7,2021,28
Levitating,Dua Lipa Featuring DaBaby,2021-05-01,5,2021,29
Mood,24kGoldn Featuring iann dior,2021-03-06,7,2021,29
Levitating,Dua Lipa Featuring DaBaby,2021-05-08,5,2021,30
Mood,24kGoldn Featuring iann dior,2021-03-13,7,2021,30
Levitating,Dua Lipa Featuring DaBaby,2021-05-15,4,2021,31
Mood,24kGoldn Featuring iann dior,2021-03-20,10,2021,31
Levitating,Dua Lipa Featuring DaBaby,2021-05-22,2,2021,32
Mood,24kGoldn Featuring iann dior,2021-03-27,8,2021,32
Levitating,Dua Lipa Featuring DaBaby,2021-05-29,3,2021,33
Mood,24kGoldn Featuring iann dior,2021-04-03,10,2021,33
Mood,24kGoldn Featuring iann dior,2021-04-10,9,2021,34
Mood,24kGoldn Featuring iann dior,2021-04-17,13,2021,35
Mood,24kGoldn Featuring iann dior,2021-04-24,18,2021,36
Mood,24kGoldn Featuring iann dior,2021-05-01,19,2021,37
Mood,24kGoldn Featuring iann dior,2021-05-08,20,2021,38
Mood,24kGoldn Featuring iann dior,2021-05-15,24,2021,39
Lemon Pepper Freestyle,Drake Featuring Rick Ross,2021-04-10,70,2021,4
Drivers License,Olivia Rodrigo,2021-02-20,1,2021,5
Dynamite,BTS,2020-10-03,1,2020,5
Leave The Door Open,Silk Sonic (Bruno Mars & Anderson .Paak),2021-04-17,1,2021,5
Mood,24kGoldn Featuring iann dior,2020-09-19,6,2020,5
Montero (Call Me By Your Name),Lil Nas X,2021-05-08,7,2021,5
Mood,24kGoldn Featuring iann dior,2020-12-26,5,2020,19
Levitating,Dua Lipa Featuring DaBaby,2021-02-20,8,2021,19
Drivers License,Olivia Rodrigo,2021-05-29,24,2021,19
Mood,24kGoldn Featuring iann dior,2021-01-02,7,2021,20
Rain On Me,Lady Gaga & Ariana Grande,2020-09-05,55,2020,14
Stuck With U,Ariana Grande & Justin Bieber,2020-08-22,79,2020,14
Cardigan,Taylor Swift,2020-11-07,96,2020,14
Rockstar,DaBaby Featuring Roddy Ricch,2020-08-08,2,2020,15
Savage,Megan Thee Stallion,2020-07-04,2,2020,15
Say So,Doja Cat Featuring Nicki Minaj,2020-04-25,5,2020,15
34+35,Ariana Grande Feat. Doja Cat & Megan Thee Stallion,2021-02-20,6,2021,15
Save Your Tears,The Weeknd & Ariana Grande,2021-04-17,6,2021,15
Positions,Ariana Grande,2021-02-13,7,2021,15
Savage Love (Laxed - Siren Beat),Jawsh 685 x Jason Derulo,2020-10-03,9,2020,15
Rain On Me,Lady Gaga & Ariana Grande,2020-09-12,34,2020,15
Stuck With U,Ariana Grande & Justin Bieber,2020-08-29,90,2020,15
Rockstar,DaBaby Featuring Roddy Ricch,2020-08-15,2,2020,16
34+35,Ariana Grande Feat. Doja Cat & Megan Thee Stallion,2021-02-27,2,2021,16
Savage,Megan Thee Stallion,2020-07-11,4,2020,16
Save Your Tears,The Weeknd & Ariana Grande,2021-04-24,5,2021,16
Say So,Doja Cat Featuring Nicki Minaj,2020-05-02,5,2020,16
Savage Love (Laxed - Siren Beat),Jawsh 685 x Jason Derulo,2020-10-10,8,2020,16
Positions,Ariana Grande,2021-02-20,9,2021,16
Rain On Me,Lady Gaga & Ariana Grande,2020-09-19,37,2020,16
Stuck With U,Ariana Grande & Justin Bieber,2020-09-05,89,2020,16
Savage Love (Laxed - Siren Beat),Jawsh 685 x Jason Derulo,2020-10-17,1,2020,17
Rockstar,DaBaby Featuring Roddy Ricch,2020-08-22,2,2020,17
Savage,Megan Thee Stallion,2020-07-18,4,2020,17
34+35,Ariana Grande Feat. Doja Cat & Megan Thee Stallion,2021-03-06,4,2021,17
Save Your Tears,The Weeknd & Ariana Grande,2021-05-01,6,2021,17
Say So,Doja Cat Featuring Nicki Minaj,2020-05-09,6,2020,17
Positions,Ariana Grande,2021-02-27,10,2021,17
Rain On Me,Lady Gaga & Ariana Grande,2020-09-26,37,2020,17
Say So,Doja Cat Featuring Nicki Minaj,2020-04-18,8,2020,14
Savage Love (Laxed - Siren Beat),Jawsh 685 x Jason Derulo,2020-09-26,8,2020,14
Positions,Ariana Grande,2021-03-20,15,2021,20
Rain On Me,Lady Gaga & Ariana Grande,2020-10-17,65,2020,20
Rockstar,DaBaby Featuring Roddy Ricch,2020-09-19,4,2020,21
Say So,Doja Cat Featuring Nicki Minaj,2020-06-06,5,2020,21
Savage Love (Laxed - Siren Beat),Jawsh 685 x Jason Derulo,2020-11-14,6,2020,21
Save Your Tears,The Weeknd & Ariana Grande,2021-05-29,9,2021,21
34+35,Ariana Grande Feat. Doja Cat & Megan Thee Stallion,2021-04-03,11,2021,21
Savage,Megan Thee Stallion,2020-08-15,13,2020,21
Positions,Ariana Grande,2021-03-27,17,2021,21
Rockstar,DaBaby Featuring Roddy Ricch,2020-09-26,4,2020,22
Say So,Doja Cat Featuring Nicki Minaj,2020-06-13,4,2020,22
Savage Love (Laxed - Siren Beat),Jawsh 685 x Jason Derulo,2020-11-21,9,2020,22
34+35,Ariana Grande Feat. Doja Cat & Megan Thee Stallion,2021-04-10,14,2021,22
Savage,Megan Thee Stallion,2020-08-22,16,2020,22
Positions,Ariana Grande,2021-04-03,21,2021,22
Say So,Doja Cat Featuring Nicki Minaj,2020-06-20,4,2020,23
Rockstar,DaBaby Featuring Roddy Ricch,2020-10-03,6,2020,23
Savage Love (Laxed - Siren Beat),Jawsh 685 x Jason Derulo,2020-11-28,11,2020,23
34+35,Ariana Grande Feat. Doja Cat & Megan Thee Stallion,2021-04-17,15,2021,23
Savage,Megan Thee Stallion,2020-08-29,20,2020,23
Positions,Ariana Grande,2021-04-10,25,2021,23
Say So,Doja Cat Featuring Nicki Minaj,2020-06-27,6,2020,24
Rockstar,DaBaby Featuring Roddy Ricch,2020-10-10,7,2020,24
Savage Love (Laxed - Siren Beat),Jawsh 685 x Jason Derulo,2020-12-05,19,2020,24
Savage,Megan Thee Stallion,2020-09-05,20,2020,24
34+35,Ariana Grande Feat. Doja Cat & Megan Thee Stallion,2021-04-24,21,2021,24
Positions,Ariana Grande,2021-04-17,24,2021,24
Say So,Doja Cat Featuring Nicki Minaj,2020-07-04,6,2020,25
Rockstar,DaBaby Featuring Roddy Ricch,2020-10-17,7,2020,25
34+35,Ariana Grande Feat. Doja Cat & Megan Thee Stallion,2021-05-01,26,2021,25
Savage Love (Laxed - Siren Beat),Jawsh 685 x Jason Derulo,2020-12-12,29,2020,25
Savage,Megan Thee Stallion,2020-09-12,30,2020,25
Positions,Ariana Grande,2021-04-24,31,2021,25
Say So,Doja Cat Featuring Nicki Minaj,2020-07-11,6,2020,26
Rockstar,DaBaby Featuring Roddy Ricch,2020-10-24,7,2020,26
34+35,Ariana Grande Feat. Doja Cat & Megan Thee Stallion,2021-05-08,27,2021,26
Savage,Megan Thee Stallion,2020-09-19,32,2020,26
Positions,Ariana Grande,2021-05-01,33,2021,26
Savage Love (Laxed - Siren Beat),Jawsh 685 x Jason Derulo,2020-12-19,44,2020,26
Rockstar,DaBaby Featuring Roddy Ricch,2020-10-31,8,2020,27
Say So,Doja Cat Featuring Nicki Minaj,2020-07-18,9,2020,27
34+35,Ariana Grande Feat. Doja Cat & Megan Thee Stallion,2021-05-15,29,2021,27
Positions,Ariana Grande,2021-05-08,34,2021,27
Savage,Megan Thee Stallion,2020-09-26,40,2020,27
Rockstar,DaBaby Featuring Roddy Ricch,2020-11-07,11,2020,28
Say So,Doja Cat Featuring Nicki Minaj,2020-07-25,18,2020,28
34+35,Ariana Grande Feat. Doja Cat & Megan Thee Stallion,2021-05-22,36,2021,28
Positions,Ariana Grande,2021-05-15,37,2021,28
Savage,Megan Thee Stallion,2020-10-03,48,2020,28
Rockstar,DaBaby Featuring Roddy Ricch,2020-11-14,13,2020,29
Say So,Doja Cat Featuring Nicki Minaj,2020-08-01,21,2020,29
Positions,Ariana Grande,2021-05-22,37,2021,29
Rockstar,DaBaby Featuring Roddy Ricch,2020-11-21,14,2020,30
Say So,Doja Cat Featuring Nicki Minaj,2020-08-08,27,2020,30
Rockstar,DaBaby Featuring Roddy Ricch,2020-11-28,17,2020,31
Say So,Doja Cat Featuring Nicki Minaj,2020-08-15,33,2020,31
Rockstar,DaBaby Featuring Roddy Ricch,2020-12-05,26,2020,32
Say So,Doja Cat Featuring Nicki Minaj,2020-08-22,33,2020,32
Rockstar,DaBaby Featuring Roddy Ricch,2020-12-12,35,2020,33
Say So,Doja Cat Featuring Nicki Minaj,2020-08-29,43,2020,33
Rockstar,DaBaby Featuring Roddy Ricch,2020-12-19,42,2020,34
Say So,Doja Cat Featuring Nicki Minaj,2020-09-05,47,2020,34
Say So,Doja Cat Featuring Nicki Minaj,2020-09-12,46,2020,35
Mood,24kGoldn Featuring iann dior,2021-05-22,24,2021,40
Mood,24kGoldn Featuring iann dior,2021-05-29,37,2021,41
Jingle Bell Rock,Bobby Helms,2021-01-02,3,2021,35
Jingle Bell Rock,Bobby Helms,2021-01-09,15,2021,36
Stuck With U,Ariana Grande & Justin Bieber,2020-09-12,91,2020,17
Say So,Doja Cat Featuring Nicki Minaj,2020-05-16,1,2020,18
Save Your Tears,The Weeknd & Ariana Grande,2021-05-08,1,2021,18
Rockstar,DaBaby Featuring Roddy Ricch,2020-08-29,3,2020,18
34+35,Ariana Grande Feat. Doja Cat & Megan Thee Stallion,2021-03-13,4,2021,18
Savage Love (Laxed - Siren Beat),Jawsh 685 x Jason Derulo,2020-10-24,6,2020,18
Savage,Megan Thee Stallion,2020-07-25,6,2020,18
Positions,Ariana Grande,2021-03-06,9,2021,18
Rain On Me,Lady Gaga & Ariana Grande,2020-10-03,41,2020,18
Stuck With U,Ariana Grande & Justin Bieber,2020-09-19,100,2020,18
Save Your Tears,The Weeknd & Ariana Grande,2021-05-15,1,2021,19
Say So,Doja Cat Featuring Nicki Minaj,2020-05-23,2,2020,19
Rockstar,DaBaby Featuring Roddy Ricch,2020-09-05,4,2020,19
Savage Love (Laxed - Siren Beat),Jawsh 685 x Jason Derulo,2020-10-31,5,2020,19
Savage,Megan Thee Stallion,2020-08-01,6,2020,19
34+35,Ariana Grande Feat. Doja Cat & Megan Thee Stallion,2021-03-20,9,2021,19
Positions,Ariana Grande,2021-03-13,11,2021,19
Rain On Me,Lady Gaga & Ariana Grande,2020-10-10,55,2020,19
Say So,Doja Cat Featuring Nicki Minaj,2020-05-30,2,2020,20
Save Your Tears,The Weeknd & Ariana Grande,2021-05-22,4,2021,20
Rockstar,DaBaby Featuring Roddy Ricch,2020-09-12,4,2020,20
Savage Love (Laxed - Siren Beat),Jawsh 685 x Jason Derulo,2020-11-07,8,2020,20
Savage,Megan Thee Stallion,2020-08-08,9,2020,20
34+35,Ariana Grande Feat. Doja Cat & Megan Thee Stallion,2021-03-27,9,2021,20
Rockstar,DaBaby Featuring Roddy Ricch,2020-12-26,50,2020,35
Say So,Doja Cat Featuring Nicki Minaj,2020-09-19,40,2020,36
Say So,Doja Cat Featuring Nicki Minaj,2020-09-26,48,2020,37
Say So,Doja Cat Featuring Nicki Minaj,2020-10-03,47,2020,38
All I Want For Christmas Is You,Mariah Carey,2020-01-04,1,2020,36
All I Want For Christmas Is You,Mariah Carey,2020-11-28,29,2020,37
Rockin' Around The Christmas Tree,Brenda Lee,2021-01-02,2,2021,38
All I Want For Christmas Is You,Mariah Carey,2020-12-05,14,2020,38
All I Want For Christmas Is You,Mariah Carey,2020-12-12,2,2020,39
Rockin' Around The Christmas Tree,Brenda Lee,2021-01-09,12,2021,39
All I Want For Christmas Is You,Mariah Carey,2020-12-19,1,2020,40
All I Want For Christmas Is You,Mariah Carey,2020-12-26,2,2020,41
All I Want For Christmas Is You,Mariah Carey,2021-01-02,1,2021,42
All I Want For Christmas Is You,Mariah Carey,2021-01-09,9,2021,43
Franchise,Travis Scott Featuring Young Thug & M.I.A.,2020-11-28,58,2020,8
Mood,24kGoldn Featuring iann dior,2020-11-21,1,2020,14
Dynamite,BTS,2020-12-05,3,2020,14
Levitating,Dua Lipa Featuring DaBaby,2021-01-16,7,2021,14
Drivers License,Olivia Rodrigo,2021-04-24,9,2021,14
Mood,24kGoldn Featuring iann dior,2020-11-28,1,2020,15
Levitating,Dua Lipa Featuring DaBaby,2021-01-23,6,2021,15
Dynamite,BTS,2020-12-12,10,2020,15
Drivers License,Olivia Rodrigo,2021-05-01,10,2021,15
Levitating,Dua Lipa Featuring DaBaby,2021-02-27,9,2021,20
Mood,24kGoldn Featuring iann dior,2021-01-09,1,2021,21
Levitating,Dua Lipa Featuring DaBaby,2021-03-06,10,2021,21
Mood,24kGoldn Featuring iann dior,2021-01-16,1,2021,22
Levitating,Dua Lipa Featuring DaBaby,2021-03-13,10,2021,22
Mood,24kGoldn Featuring iann dior,2021-01-23,2,2021,23
Levitating,Dua Lipa Featuring DaBaby,2021-03-20,13,2021,23
Mood,24kGoldn Featuring iann dior,2021-01-30,3,2021,24
Levitating,Dua Lipa Featuring DaBaby,2021-03-27,7,2021,24
Mood,24kGoldn Featuring iann dior,2020-12-12,1,2020,17
Levitating,Dua Lipa Featuring DaBaby,2021-02-06,5,2021,17
Dynamite,BTS,2020-12-26,9,2020,17
Drivers License,Olivia Rodrigo,2021-05-15,14,2021,17
Mood,24kGoldn Featuring iann dior,2020-12-19,2,2020,18
Levitating,Dua Lipa Featuring DaBaby,2021-02-13,5,2021,18
Drivers License,Olivia Rodrigo,2021-05-22,16,2021,18
Dynamite,BTS,2020-11-21,17,2020,12
Levitating,Dua Lipa Featuring DaBaby,2021-01-02,27,2021,12
Mood,24kGoldn Featuring iann dior,2020-11-14,1,2020,13
Drivers License,Olivia Rodrigo,2021-04-17,5,2021,13
Levitating,Dua Lipa Featuring DaBaby,2021-01-09,10,2021,13
Dynamite,BTS,2020-11-28,14,2020,13
