song,performer,week_id,week_position,previous_week_position,peak_position,weeks_on_chart,year
Stuck With U,Ariana Grande & Justin Bieber,2020-05-23,1,,1,1,2020
Rain On Me,Lady Gaga & Ariana Grande,2020-06-06,1,,1,1,2020
Cardigan,Taylor Swift,2020-08-08,1,,1,1,2020
Positions,Ariana Grande,2020-11-07,1,,1,1,2020
Peaches,Justin Bieber Featuring Daniel Caesar & Giveon,2021-04-03,1,,1,1,2021
Rapstar,Polo G,2021-04-24,1,,1,1,2021
Come & Go,Juice WRLD x Marshmello,2020-07-25,2,,2,1,2020
Popstar,DJ Khaled Featuring Drake,2020-08-01,3,,3,1,2020
Calling My Phone,Lil Tjay Featuring 6LACK,2021-02-27,3,,3,1,2021
ON,BTS,2020-03-07,4,,4,1,2020
Stupid Love,Lady Gaga,2020-03-14,5,,5,1,2020
amari,J. Cole,2021-05-29,5,,5,1,2021
Anyone,Justin Bieber,2021-01-16,6,,6,1,2021
pride.is.the.devil,J. Cole & Lil Baby,2021-05-29,7,,7,1,2021
Deja Vu,Olivia Rodrigo,2021-04-17,8,,8,1,2021
95.south,J. Cole,2021-05-29,8,,8,1,2021
Rockstar,DaBaby Featuring Roddy Ricch,2020-05-02,9,,9,1,2020
Dakiti,Bad Bunny & Jhay Cortez,2020-11-14,9,,9,1,2020
Astronaut In The Ocean,Masked Wolf,2021-02-27,68,,68,1,2021
Roses,SAINt JHN,2020-04-04,55,,55,1,2020
Come & Go,Juice WRLD x Marshmello,2020-09-12,19,19.0,2,8,2020
Blinding Lights,The Weeknd,2020-02-01,21,32.0,11,8,2020
Dynamite,BTS,2020-09-05,1,,1,1,2020
Franchise,Travis Scott Featuring Young Thug & M.I.A.,2020-10-10,1,,1,1,2020
Life Goes On,BTS,2020-12-05,1,,1,1,2020
Drivers License,Olivia Rodrigo,2021-01-23,1,,1,1,2021
Montero (Call Me By Your Name),Lil Nas X,2021-04-10,1,,1,1,2021
Good 4 U,Olivia Rodrigo,2021-05-29,1,,1,1,2021
Life Is Good,Future Featuring Drake,2020-01-25,2,,2,1,2020
Laugh Now Cry Later,Drake Featuring Lil Durk,2020-08-29,2,,2,1,2020
Forever After All,Luke Combs,2020-11-07,2,,2,1,2020
my.life,"J. Cole, 21 Savage & Morray",2021-05-29,2,,2,1,2021
Godzilla,Eminem Featuring Juice WRLD,2020-02-01,3,,3,1,2020
Gooba,6ix9ine,2020-05-23,3,,3,1,2020
Holy,Justin Bieber Featuring Chance The Rapper,2020-10-03,3,,3,1,2020
Lemon Pepper Freestyle,Drake Featuring Rick Ross,2021-03-20,3,,3,1,2021
Leave The Door Open,Silk Sonic (Bruno Mars & Anderson .Paak),2021-03-20,4,,4,1,2021
Rain On Me,Lady Gaga & Ariana Grande,2020-07-25,28,16.0,1,8,2020
Circles,Mac Miller,2020-02-01,48,,48,1,2020
Kiss Me More,Doja Cat Featuring SZA,2021-04-24,7,,7,1,2021
interlude,J. Cole,2021-05-22,8,,8,1,2021
Love Story (Taylor's Version),Taylor Swift,2021-02-27,11,,11,1,2021
Miss The Rage,Trippie Redd & Playboi Carti,2021-05-22,11,,11,1,2021
Good Days,SZA,2021-01-09,38,,38,1,2021
Savage Love (Laxed - Siren Beat),Jawsh 685 x Jason Derulo,2020-06-27,81,,81,1,2020
Rockin' Around The Christmas Tree,Justin Bieber,2020-12-12,83,,83,1,2020
Anyone,Justin Bieber,2021-03-06,33,28.0,6,8,2021
Say So,Doja Cat Featuring Nicki Minaj,2020-03-07,33,51.0,33,8,2020
Stuck With U,Ariana Grande & Justin Bieber,2020-07-11,34,28.0,1,8,2020
34+35,Ariana Grande Feat. Doja Cat & Megan Thee Stallion,2021-01-02,40,35.0,8,8,2021
Circles,Megan Thee Stallion,2020-12-05,94,,94,1,2020
Say So,Doja Cat Featuring Nicki Minaj,2020-01-18,95,,95,1,2020
Save Your Tears,The Weeknd & Ariana Grande,2021-01-09,95,,95,1,2021
I Hope,Gabby Barrett Featuring Charlie Puth,2020-01-11,74,,74,1,2020
Savage,Megan Thee Stallion,2020-03-28,98,,98,1,2020
Rapstar,Polo G,2021-05-01,1,1.0,1,2,2021
Positions,Ariana Grande,2020-11-14,2,1.0,1,2,2020
Peaches,Justin Bieber Featuring Daniel Caesar & Giveon,2021-04-10,2,1.0,1,2,2021
Rain On Me,Lady Gaga & Ariana Grande,2020-06-13,5,1.0,1,2,2020
The 1,Taylor Swift,2020-08-08,4,,4,1,2020
The 1,Taylor Swift,2020-08-15,23,4.0,4,2,2020
The 1,Taylor Swift,2020-08-22,50,23.0,4,3,2020
The 1,Taylor Swift,2020-08-29,67,50.0,4,4,2020
The 1,Taylor Swift,2020-09-05,85,67.0,4,5,2020
The 1,Taylor Swift,2020-09-12,92,85.0,4,6,2020
Stupid Love,Lady Gaga,2020-05-02,46,33.0,5,8,2020
Cardigan,Taylor Swift,2020-09-26,52,52.0,1,8,2020
Cardigan,Don Toliver,2020-03-28,90,,90,1,2020
Say So,Doja Cat Featuring Nicki Minaj,2020-01-25,77,95.0,77,2,2020
Roses,SAINt JHN,2020-04-11,39,55.0,39,2,2020
Savage Love (Laxed - Siren Beat),Jawsh 685 x Jason Derulo,2020-07-04,43,81.0,43,2,2020
Save Your Tears,The Weeknd & Ariana Grande,2021-01-16,46,95.0,46,2,2021
Cardigan,Taylor Swift,2020-08-15,8,1.0,1,2,2020
Calling My Phone,Lil Tjay Featuring 6LACK,2021-03-06,8,3.0,3,2,2021
Dakiti,Bad Bunny & Jhay Cortez,2020-11-21,8,9.0,8,2,2020
Come & Go,Juice WRLD x Marshmello,2020-08-01,9,2.0,2,2,2020
Stuck With U,Ariana Grande & Justin Bieber,2020-05-30,13,1.0,1,2,2020
Popstar,DJ Khaled Featuring Drake,2020-08-08,14,3.0,3,2,2020
Rockstar,DaBaby Featuring Roddy Ricch,2020-05-09,14,9.0,9,2,2020
Deja Vu,Olivia Rodrigo,2021-04-24,15,8.0,8,2,2021
Savage,Megan Thee Stallion,2020-04-04,20,98.0,20,2,2020
Anyone,Justin Bieber,2021-01-23,22,6.0,6,2,2021
Stupid Love,Lady Gaga,2020-03-21,30,5.0,5,2,2020
Positions,Ariana Grande,2020-11-21,2,2.0,1,3,2020
Peaches,Justin Bieber Featuring Daniel Caesar & Giveon,2021-04-17,3,2.0,1,3,2021
Rapstar,Polo G,2021-05-08,4,1.0,1,3,2021
Calling My Phone,Lil Tjay Featuring 6LACK,2021-03-13,8,8.0,3,3,2021
Dakiti,Bad Bunny & Jhay Cortez,2020-11-28,9,8.0,8,3,2020
Rockstar,DaBaby Featuring Roddy Ricch,2020-05-16,9,14.0,9,3,2020
Rain On Me,Lady Gaga & Ariana Grande,2020-06-20,10,5.0,1,3,2020
Deja Vu,Olivia Rodrigo,2021-05-01,11,15.0,8,3,2021
Stuck With U,Ariana Grande & Justin Bieber,2020-06-06,15,13.0,1,3,2020
Come & Go,Juice WRLD x Marshmello,2020-08-08,17,9.0,2,3,2020
Popstar,DJ Khaled Featuring Drake,2020-08-15,18,14.0,3,3,2020
Savage,Megan Thee Stallion,2020-04-11,18,20.0,18,3,2020
Save Your Tears,The Weeknd & Ariana Grande,2021-01-23,21,46.0,21,3,2021
Cardigan,Taylor Swift,2020-08-22,24,8.0,1,3,2020
The Bigger Picture,Lil Baby,2020-06-27,3,,3,1,2020
The Bigger Picture,Lil Baby,2020-07-04,7,3.0,3,2,2020
The Bigger Picture,Lil Baby,2020-07-11,14,7.0,3,3,2020
The Bigger Picture,Lil Baby,2020-07-18,20,14.0,3,4,2020
The Bigger Picture,Lil Baby,2020-07-25,43,20.0,3,5,2020
The Bigger Picture,Lil Baby,2020-08-01,37,43.0,3,6,2020
The Bigger Picture,Lil Baby,2020-08-08,50,37.0,3,7,2020
The Bigger Picture,Lil Baby,2020-08-15,42,50.0,3,8,2020
The Bigger Picture,Lil Baby,2020-08-22,46,42.0,3,9,2020
The Bigger Picture,Lil Baby,2020-08-29,51,46.0,3,10,2020
The Bigger Picture,Lil Baby,2020-09-05,54,51.0,3,11,2020
The Bigger Picture,Lil Baby,2020-09-12,52,54.0,3,12,2020
The Bigger Picture,Lil Baby,2020-09-19,58,52.0,3,13,2020
The Bigger Picture,Lil Baby,2020-09-26,71,58.0,3,14,2020
The Bigger Picture,Lil Baby,2020-10-03,69,71.0,3,15,2020
The Bigger Picture,Lil Baby,2020-10-10,72,69.0,3,16,2020
The Bigger Picture,Lil Baby,2020-10-17,89,72.0,3,17,2020
The Bigger Picture,Lil Baby,2020-10-24,68,89.0,3,18,2020
The Bigger Picture,Lil Baby,2020-10-31,72,68.0,3,19,2020
The Bigger Picture,Lil Baby,2020-11-07,82,72.0,3,20,2020
The Box,Roddy Ricch,2020-01-04,13,18.0,13,3,2020
The Box,Roddy Ricch,2020-01-11,3,13.0,3,4,2020
The Box,Roddy Ricch,2020-01-18,1,3.0,1,5,2020
The Box,Roddy Ricch,2020-01-25,1,1.0,1,6,2020
The Box,Roddy Ricch,2020-02-01,1,1.0,1,7,2020
The Box,Roddy Ricch,2020-02-08,1,1.0,1,8,2020
The Box,Roddy Ricch,2020-02-15,1,1.0,1,9,2020
The Box,Roddy Ricch,2020-02-22,1,1.0,1,10,2020
The Box,Roddy Ricch,2020-02-29,1,1.0,1,11,2020
The Box,Roddy Ricch,2020-03-07,1,1.0,1,12,2020
The Box,Roddy Ricch,2020-03-14,1,1.0,1,13,2020
The Box,Roddy Ricch,2020-03-21,1,1.0,1,14,2020
The Box,Roddy Ricch,2020-03-28,1,1.0,1,15,2020
The Box,Roddy Ricch,2020-04-04,2,1.0,1,16,2020
The Box,Roddy Ricch,2020-04-11,2,2.0,1,17,2020
The Box,Roddy Ricch,2020-04-18,3,2.0,1,18,2020
The Box,Roddy Ricch,2020-04-25,3,3.0,1,19,2020
The Box,Roddy Ricch,2020-05-02,3,3.0,1,20,2020
The Box,Roddy Ricch,2020-05-09,5,3.0,1,21,2020
The Box,Roddy Ricch,2020-05-16,5,5.0,1,22,2020
The Box,Roddy Ricch,2020-05-23,7,5.0,1,23,2020
The Box,Roddy Ricch,2020-05-30,7,7.0,1,24,2020
The Box,Roddy Ricch,2020-06-06,8,7.0,1,25,2020
The Box,Roddy Ricch,2020-06-13,9,8.0,1,26,2020
The Box,Roddy Ricch,2020-06-20,9,9.0,1,27,2020
The Box,Roddy Ricch,2020-06-27,10,9.0,1,28,2020
The Box,Roddy Ricch,2020-07-04,15,10.0,1,29,2020
The Box,Roddy Ricch,2020-07-11,16,15.0,1,30,2020
The Box,Roddy Ricch,2020-07-18,21,16.0,1,31,2020
The Box,Roddy Ricch,2020-07-25,40,21.0,1,32,2020
The Box,Roddy Ricch,2020-08-01,34,40.0,1,33,2020
The Box,Roddy Ricch,2020-08-08,45,34.0,1,34,2020
The Box,Roddy Ricch,2020-08-15,37,45.0,1,35,2020
The Box,Roddy Ricch,2020-08-22,42,37.0,1,36,2020
The Box,Roddy Ricch,2020-08-29,47,42.0,1,37,2020
The Box,Roddy Ricch,2020-09-05,48,47.0,1,38,2020
The Christmas Song (Merry Christmas To You),Nat King Cole,2021-01-02,11,15.0,11,25,2021
The Christmas Song (Merry Christmas To You),Nat King Cole,2021-01-09,44,11.0,11,26,2021
Rockin' Around The Christmas Tree,Justin Bieber,2020-12-26,87,71.0,71,3,2020
Say So,Doja Cat Featuring Nicki Minaj,2020-02-01,92,77.0,77,3,2020
Positions,Ariana Grande,2020-11-28,3,2.0,1,4,2020
Peaches,Justin Bieber Featuring Daniel Caesar & Giveon,2021-04-24,4,3.0,1,4,2021
Rapstar,Polo G,2021-05-15,6,4.0,1,4,2021
Rockstar,DaBaby Featuring Roddy Ricch,2020-05-23,8,9.0,8,4,2020
Rain On Me,Lady Gaga & Ariana Grande,2020-06-27,9,10.0,1,4,2020
Deja Vu,Olivia Rodrigo,2021-05-08,12,11.0,8,4,2021
Mood,24kGoldn Featuring iann dior,2020-08-22,84,,84,1,2020
Rockstar,DaBaby Featuring Roddy Ricch,2020-06-27,2,1.0,1,9,2020
Savage,Megan Thee Stallion,2020-05-23,5,2.0,2,9,2020
Peaches,Justin Bieber Featuring Daniel Caesar & Giveon,2021-05-29,6,3.0,1,9,2021
Save Your Tears,The Weeknd & Ariana Grande,2021-03-06,6,6.0,4,9,2021
Savage Love (Laxed - Siren Beat),Jawsh 685 x Jason Derulo,2020-08-22,7,7.0,7,9,2020
Astronaut In The Ocean,Masked Wolf,2021-04-24,10,10.0,10,9,2021
Popstar,DJ Khaled Featuring Drake,2020-09-26,12,10.0,3,9,2020
Calling My Phone,Lil Tjay Featuring 6LACK,2021-04-24,13,11.0,3,9,2021
Positions,Ariana Grande,2021-01-02,14,8.0,1,9,2021
Rain On Me,Lady Gaga & Ariana Grande,2020-08-01,14,28.0,1,9,2020
Roses,SAINt JHN,2020-05-30,15,16.0,15,9,2020
Say So,Doja Cat Featuring Nicki Minaj,2020-03-14,16,33.0,16,9,2020
Blinding Lights,The Weeknd,2020-02-08,18,21.0,11,9,2020
Come & Go,Juice WRLD x Marshmello,2020-09-19,19,19.0,2,9,2020
34+35,Ariana Grande Feat. Doja Cat & Megan Thee Stallion,2021-01-09,19,40.0,8,9,2021
Anyone,Justin Bieber,2021-03-13,31,33.0,6,9,2021
Stuck With U,Ariana Grande & Justin Bieber,2020-07-18,45,34.0,1,9,2020
Cardigan,Taylor Swift,2020-10-03,49,52.0,1,9,2020
Stupid Love,Lady Gaga,2020-05-09,61,46.0,5,9,2020
Blinding Lights,The Weeknd,2020-01-04,72,63.0,11,4,2020
Say So,Doja Cat Featuring Nicki Minaj,2020-02-08,73,92.0,73,4,2020
The Scotts,"THE SCOTTS, Travis Scott & Kid Cudi",2020-05-09,1,,1,1,2020
The Scotts,"THE SCOTTS, Travis Scott & Kid Cudi",2020-05-16,12,1.0,1,2,2020
The Scotts,"THE SCOTTS, Travis Scott & Kid Cudi",2020-05-23,15,12.0,1,3,2020
The Scotts,"THE SCOTTS, Travis Scott & Kid Cudi",2020-05-30,16,15.0,1,4,2020
The Scotts,"THE SCOTTS, Travis Scott & Kid Cudi",2020-06-06,17,16.0,1,5,2020
The Scotts,"THE SCOTTS, Travis Scott & Kid Cudi",2020-06-13,22,17.0,1,6,2020
The Scotts,"THE SCOTTS, Travis Scott & Kid Cudi",2020-06-20,25,22.0,1,7,2020
The Scotts,"THE SCOTTS, Travis Scott & Kid Cudi",2020-06-27,32,25.0,1,8,2020
The Scotts,"THE SCOTTS, Travis Scott & Kid Cudi",2020-07-04,35,32.0,1,9,2020
The Scotts,"THE SCOTTS, Travis Scott & Kid Cudi",2020-07-11,38,35.0,1,10,2020
The Scotts,"THE SCOTTS, Travis Scott & Kid Cudi",2020-07-18,53,38.0,1,11,2020
The Scotts,"THE SCOTTS, Travis Scott & Kid Cudi",2020-07-25,69,53.0,1,12,2020
The Scotts,"THE SCOTTS, Travis Scott & Kid Cudi",2020-08-01,74,69.0,1,13,2020
Astronaut In The Ocean,Masked Wolf,2021-03-06,62,68.0,62,2,2021
ON,BTS,2020-03-14,68,4.0,4,2,2020
Rockin' Around The Christmas Tree,Justin Bieber,2020-12-19,71,83.0,71,2,2020
Blinding Lights,The Weeknd,2020-01-11,59,72.0,11,5,2020
Say So,Doja Cat Featuring Nicki Minaj,2020-02-15,67,73.0,67,5,2020
Stupid Love,Lady Gaga,2020-03-28,25,30.0,5,3,2020
Anyone,Justin Bieber,2021-01-30,26,22.0,6,3,2021
Roses,SAINt JHN,2020-04-18,30,39.0,30,3,2020
Savage Love (Laxed - Siren Beat),Jawsh 685 x Jason Derulo,2020-07-11,31,43.0,31,3,2020
Astronaut In The Ocean,Masked Wolf,2021-03-13,49,62.0,49,3,2021
Save Your Tears,The Weeknd & Ariana Grande,2021-02-13,8,14.0,8,6,2021
Rain On Me,Lady Gaga & Ariana Grande,2020-07-11,12,11.0,1,6,2020
Savage Love (Laxed - Siren Beat),Jawsh 685 x Jason Derulo,2020-08-01,12,19.0,12,6,2020
Calling My Phone,Lil Tjay Featuring 6LACK,2021-04-03,14,13.0,3,6,2021
Savage,Megan Thee Stallion,2020-05-02,14,14.0,14,6,2020
Rapstar,Polo G,2021-05-29,15,7.0,1,6,2021
Dakiti,Bad Bunny & Jhay Cortez,2020-12-19,17,5.0,5,6,2020
Deja Vu,Olivia Rodrigo,2021-05-22,17,15.0,8,6,2021
Astronaut In The Ocean,Masked Wolf,2021-04-03,17,25.0,17,6,2021
Come & Go,Juice WRLD x Marshmello,2020-08-29,18,18.0,2,6,2020
Popstar,DJ Khaled Featuring Drake,2020-09-05,21,21.0,3,6,2020
Roses,SAINt JHN,2020-05-09,23,22.0,22,6,2020
Stuck With U,Ariana Grande & Justin Bieber,2020-06-27,26,20.0,1,6,2020
Stupid Love,Lady Gaga,2020-04-18,32,27.0,5,6,2020
Anyone,Justin Bieber,2021-02-20,34,28.0,6,6,2021
Blinding Lights,The Weeknd,2020-01-18,39,59.0,11,6,2020
Therefore I Am,Billie Eilish,2020-11-21,94,,94,1,2020
Therefore I Am,Billie Eilish,2020-11-28,2,94.0,2,2,2020
Therefore I Am,Billie Eilish,2020-12-05,11,2.0,2,3,2020
Therefore I Am,Billie Eilish,2020-12-12,20,11.0,2,4,2020
Therefore I Am,Billie Eilish,2020-12-19,23,20.0,2,5,2020
Therefore I Am,Billie Eilish,2020-12-26,36,23.0,2,6,2020
Trollz,6ix9ine & Nicki Minaj,2020-06-27,1,,1,1,2020
Trollz,6ix9ine & Nicki Minaj,2020-07-04,34,1.0,1,2,2020
Trollz,6ix9ine & Nicki Minaj,2020-07-11,54,34.0,1,3,2020
Trollz,6ix9ine & Nicki Minaj,2020-07-18,83,54.0,1,4,2020
Rockstar,DaBaby Featuring Roddy Ricch,2020-07-04,1,2.0,1,10,2020
Savage,Megan Thee Stallion,2020-05-30,1,5.0,1,10,2020
Positions,Ariana Grande,2021-01-09,2,14.0,1,10,2021
Save Your Tears,The Weeknd & Ariana Grande,2021-03-13,6,6.0,4,10,2021
Astronaut In The Ocean,Masked Wolf,2021-05-01,7,10.0,7,10,2021
Savage Love (Laxed - Siren Beat),Jawsh 685 x Jason Derulo,2020-08-29,9,7.0,7,10,2020
34+35,Ariana Grande Feat. Doja Cat & Megan Thee Stallion,2021-01-16,13,19.0,8,10,2021
Popstar,DJ Khaled Featuring Drake,2020-10-03,14,12.0,3,10,2020
Roses,SAINt JHN,2020-06-06,14,15.0,14,10,2020
Blinding Lights,The Weeknd,2020-02-15,15,18.0,11,10,2020
Calling My Phone,Lil Tjay Featuring 6LACK,2021-05-01,16,13.0,3,10,2021
Come & Go,Juice WRLD x Marshmello,2020-09-26,17,19.0,2,10,2020
Say So,Doja Cat Featuring Nicki Minaj,2020-03-21,19,16.0,16,10,2020
Rain On Me,Lady Gaga & Ariana Grande,2020-08-08,29,14.0,1,10,2020
Anyone,Justin Bieber,2021-03-20,38,31.0,6,10,2021
Cardigan,Taylor Swift,2020-10-10,53,49.0,1,10,2020
Stuck With U,Ariana Grande & Justin Bieber,2020-07-25,66,45.0,1,10,2020
Rockstar,DaBaby Featuring Roddy Ricch,2020-07-11,1,1.0,1,11,2020
Savage,Megan Thee Stallion,2020-06-06,2,1.0,1,11,2020
Positions,Ariana Grande,2021-01-16,2,2.0,1,11,2021
Save Your Tears,The Weeknd & Ariana Grande,2021-03-20,7,6.0,4,11,2021
Astronaut In The Ocean,Masked Wolf,2021-05-08,8,7.0,7,11,2021
Savage Love (Laxed - Siren Beat),Jawsh 685 x Jason Derulo,2020-09-05,9,9.0,7,11,2020
Roses,SAINt JHN,2020-06-13,10,14.0,10,11,2020
34+35,Ariana Grande Feat. Doja Cat & Megan Thee Stallion,2021-01-23,11,13.0,8,11,2021
Blinding Lights,The Weeknd,2020-02-22,12,15.0,11,11,2020
Calling My Phone,Lil Tjay Featuring 6LACK,2021-05-08,14,16.0,3,11,2021
Say So,Doja Cat Featuring Nicki Minaj,2020-03-28,14,19.0,14,11,2020
Come & Go,Juice WRLD x Marshmello,2020-10-03,19,17.0,2,11,2020
Popstar,DJ Khaled Featuring Drake,2020-10-10,21,14.0,3,11,2020
Rain On Me,Lady Gaga & Ariana Grande,2020-08-15,35,29.0,1,11,2020
Anyone,Justin Bieber,2021-03-27,37,38.0,6,11,2021
Stuck With U,Ariana Grande & Justin Bieber,2020-08-01,58,66.0,1,11,2020
Dynamite,BTS,2020-09-12,1,1.0,1,2,2020
Drivers License,Olivia Rodrigo,2021-01-30,1,1.0,1,2,2021
Montero (Call Me By Your Name),Lil Nas X,2021-04-17,2,1.0,1,2,2021
Life Is Good,Future Featuring Drake,2020-02-01,2,2.0,2,2,2020
Leave The Door Open,Silk Sonic (Bruno Mars & Anderson .Paak),2021-03-27,2,4.0,2,2,2021
Laugh Now Cry Later,Drake Featuring Lil Durk,2020-09-05,3,2.0,2,2,2020
Kiss Me More,Doja Cat Featuring SZA,2021-05-01,8,7.0,7,2,2021
Gooba,6ix9ine,2020-05-30,11,3.0,3,2,2020
Godzilla,Eminem Featuring Juice WRLD,2020-02-08,12,3.0,3,2,2020
Holy,Justin Bieber Featuring Chance The Rapper,2020-10-10,12,3.0,3,2,2020
interlude,J. Cole,2021-05-29,17,8.0,8,2,2021
Forever After All,Luke Combs,2020-11-14,18,2.0,2,2,2020
Good Days,SZA,2021-01-16,23,38.0,23,2,2021
Franchise,Travis Scott Featuring Young Thug & M.I.A.,2020-10-17,25,1.0,1,2,2020
Mood,24kGoldn Featuring iann dior,2020-08-29,26,84.0,26,2,2020
Life Goes On,BTS,2020-12-12,28,1.0,1,2,2020
Lemon Pepper Freestyle,Drake Featuring Rick Ross,2021-03-27,31,3.0,3,2,2021
Miss The Rage,Trippie Redd & Playboi Carti,2021-05-29,50,11.0,11,2,2021
I Hope,Gabby Barrett Featuring Charlie Puth,2020-01-18,65,74.0,65,2,2020
Peaches,Justin Bieber Featuring Daniel Caesar & Giveon,2021-05-01,3,4.0,1,5,2021
Positions,Ariana Grande,2020-12-05,4,3.0,1,5,2020
Rockstar,DaBaby Featuring Roddy Ricch,2020-05-30,4,8.0,4,5,2020
Dakiti,Bad Bunny & Jhay Cortez,2020-12-12,5,15.0,5,5,2020
Rapstar,Polo G,2021-05-22,7,6.0,1,5,2021
Rain On Me,Lady Gaga & Ariana Grande,2020-07-04,11,9.0,1,5,2020
Calling My Phone,Lil Tjay Featuring 6LACK,2021-03-27,13,14.0,3,5,2021
Savage,Megan Thee Stallion,2020-04-25,14,14.0,14,5,2020
Save Your Tears,The Weeknd & Ariana Grande,2021-02-06,14,20.0,14,5,2021
Deja Vu,Olivia Rodrigo,2021-05-15,15,12.0,8,5,2021
Come & Go,Juice WRLD x Marshmello,2020-08-22,18,17.0,2,5,2020
Savage Love (Laxed - Siren Beat),Jawsh 685 x Jason Derulo,2020-07-25,19,29.0,19,5,2020
Stuck With U,Ariana Grande & Justin Bieber,2020-06-20,20,17.0,1,5,2020
Popstar,DJ Khaled Featuring Drake,2020-08-29,21,23.0,3,5,2020
Roses,SAINt JHN,2020-05-02,22,26.0,22,5,2020
Astronaut In The Ocean,Masked Wolf,2021-03-27,25,37.0,25,5,2021
Stupid Love,Lady Gaga,2020-04-11,27,27.0,5,5,2020
Anyone,Justin Bieber,2021-02-13,28,26.0,6,5,2021
Cardigan,Taylor Swift,2020-09-05,36,33.0,1,5,2020
Say So,Doja Cat Featuring Nicki Minaj,2020-02-22,58,67.0,58,6,2020
Rockstar,DaBaby Featuring Roddy Ricch,2020-06-13,1,3.0,1,7,2020
Peaches,Justin Bieber Featuring Daniel Caesar & Giveon,2021-05-15,3,3.0,1,7,2021
Positions,Ariana Grande,2020-12-19,4,3.0,1,7,2020
Save Your Tears,The Weeknd & Ariana Grande,2021-02-20,4,8.0,4,7,2021
Savage,Megan Thee Stallion,2020-05-09,4,14.0,4,7,2020
Toosie Slide,Drake,2020-04-18,1,,1,1,2020
Toosie Slide,Drake,2020-04-25,2,1.0,1,2,2020
Toosie Slide,Drake,2020-05-02,2,2.0,1,3,2020
Toosie Slide,Drake,2020-05-09,3,2.0,1,4,2020
Toosie Slide,Drake,2020-05-16,4,3.0,1,5,2020
Toosie Slide,Drake,2020-05-23,6,4.0,1,6,2020
Toosie Slide,Drake,2020-05-30,5,6.0,1,7,2020
Toosie Slide,Drake,2020-06-06,6,5.0,1,8,2020
Toosie Slide,Drake,2020-06-13,6,6.0,1,9,2020
Toosie Slide,Drake,2020-06-20,6,6.0,1,10,2020
Toosie Slide,Drake,2020-06-27,12,6.0,1,11,2020
Toosie Slide,Drake,2020-07-04,20,12.0,1,12,2020
Toosie Slide,Drake,2020-07-11,26,20.0,1,13,2020
Toosie Slide,Drake,2020-07-18,38,26.0,1,14,2020
Toosie Slide,Drake,2020-07-25,54,38.0,1,15,2020
Toosie Slide,Drake,2020-08-01,45,54.0,1,16,2020
Toosie Slide,Drake,2020-08-08,75,45.0,1,17,2020
Toosie Slide,Drake,2020-08-15,64,75.0,1,18,2020
Toosie Slide,Drake,2020-08-22,68,64.0,1,19,2020
Toosie Slide,Drake,2020-08-29,72,68.0,1,20,2020
Wants And Needs,Drake Featuring Lil Baby,2021-03-20,2,,2,1,2021
Wants And Needs,Drake Featuring Lil Baby,2021-03-27,10,2.0,2,2,2021
Wants And Needs,Drake Featuring Lil Baby,2021-04-03,19,10.0,2,3,2021
Wants And Needs,Drake Featuring Lil Baby,2021-04-10,34,19.0,2,4,2021
Wants And Needs,Drake Featuring Lil Baby,2021-04-17,38,34.0,2,5,2021
Wants And Needs,Drake Featuring Lil Baby,2021-04-24,47,38.0,2,6,2021
Wants And Needs,Drake Featuring Lil Baby,2021-05-01,36,47.0,2,7,2021
Wants And Needs,Drake Featuring Lil Baby,2021-05-08,39,36.0,2,8,2021
Wants And Needs,Drake Featuring Lil Baby,2021-05-15,42,39.0,2,9,2021
Wants And Needs,Drake Featuring Lil Baby,2021-05-22,38,42.0,2,10,2021
Wants And Needs,Drake Featuring Lil Baby,2021-05-29,49,38.0,2,11,2021
WAP,Cardi B Featuring Megan Thee Stallion,2020-08-22,1,,1,1,2020
WAP,Cardi B Featuring Megan Thee Stallion,2020-08-29,1,1.0,1,2,2020
WAP,Cardi B Featuring Megan Thee Stallion,2020-09-05,2,1.0,1,3,2020
WAP,Cardi B Featuring Megan Thee Stallion,2020-09-12,2,2.0,1,4,2020
WAP,Cardi B Featuring Megan Thee Stallion,2020-09-19,1,2.0,1,5,2020
WAP,Cardi B Featuring Megan Thee Stallion,2020-09-26,1,1.0,1,6,2020
WAP,Cardi B Featuring Megan Thee Stallion,2020-10-03,2,1.0,1,7,2020
WAP,Cardi B Featuring Megan Thee Stallion,2020-10-10,3,2.0,1,8,2020
WAP,Cardi B Featuring Megan Thee Stallion,2020-10-17,3,3.0,1,9,2020
WAP,Cardi B Featuring Megan Thee Stallion,2020-10-24,2,3.0,1,10,2020
WAP,Cardi B Featuring Megan Thee Stallion,2020-10-31,2,2.0,1,11,2020
WAP,Cardi B Featuring Megan Thee Stallion,2020-11-07,7,2.0,1,12,2020
WAP,Cardi B Featuring Megan Thee Stallion,2020-11-14,10,7.0,1,13,2020
WAP,Cardi B Featuring Megan Thee Stallion,2020-11-21,11,10.0,1,14,2020
WAP,Cardi B Featuring Megan Thee Stallion,2020-11-28,16,11.0,1,15,2020
WAP,Cardi B Featuring Megan Thee Stallion,2020-12-05,23,16.0,1,16,2020
WAP,Cardi B Featuring Megan Thee Stallion,2020-12-12,33,23.0,1,17,2020
WAP,Cardi B Featuring Megan Thee Stallion,2020-12-19,43,33.0,1,18,2020
WAP,Cardi B Featuring Megan Thee Stallion,2020-12-26,55,43.0,1,19,2020
Wasted On You,Morgan Wallen,2021-01-23,9,,9,1,2021
Wasted On You,Morgan Wallen,2021-01-30,24,9.0,9,2,2021
Wasted On You,Morgan Wallen,2021-02-06,31,24.0,9,3,2021
Wasted On You,Morgan Wallen,2021-02-13,26,31.0,9,4,2021
Wasted On You,Morgan Wallen,2021-02-20,36,26.0,9,5,2021
Wasted On You,Morgan Wallen,2021-02-27,53,36.0,9,6,2021
Wasted On You,Morgan Wallen,2021-03-06,52,53.0,9,7,2021
Wasted On You,Morgan Wallen,2021-03-13,62,52.0,9,8,2021
Wasted On You,Morgan Wallen,2021-03-20,64,62.0,9,9,2021
Wasted On You,Morgan Wallen,2021-03-27,66,64.0,9,10,2021
Wasted On You,Morgan Wallen,2021-04-03,77,66.0,9,11,2021
Wasted On You,Morgan Wallen,2021-04-10,79,77.0,9,12,2021
Wasted On You,Morgan Wallen,2021-04-17,80,79.0,9,13,2021
Wasted On You,Morgan Wallen,2021-04-24,97,80.0,9,14,2021
Wasted On You,Morgan Wallen,2021-05-01,92,97.0,9,15,2021
Wasted On You,Morgan Wallen,2021-05-08,98,92.0,9,16,2021
Wasted On You,Morgan Wallen,2021-05-29,97,,97,17,2021
Watermelon Sugar,Harry Styles,2020-01-04,87,54.0,54,5,2020
Watermelon Sugar,Harry Styles,2020-01-11,82,87.0,54,6,2020
Watermelon Sugar,Harry Styles,2020-01-18,81,82.0,54,7,2020
Watermelon Sugar,Harry Styles,2020-01-25,94,81.0,54,8,2020
Watermelon Sugar,Harry Styles,2020-05-30,64,,64,9,2020
Watermelon Sugar,Harry Styles,2020-06-06,45,64.0,45,10,2020
Watermelon Sugar,Harry Styles,2020-06-13,40,45.0,40,11,2020
Watermelon Sugar,Harry Styles,2020-06-20,29,40.0,29,12,2020
Watermelon Sugar,Harry Styles,2020-06-27,19,29.0,19,13,2020
Watermelon Sugar,Harry Styles,2020-07-04,16,19.0,16,14,2020
Watermelon Sugar,Harry Styles,2020-07-11,8,16.0,8,15,2020
Watermelon Sugar,Harry Styles,2020-07-18,7,8.0,7,16,2020
Watermelon Sugar,Harry Styles,2020-07-25,11,7.0,7,17,2020
Watermelon Sugar,Harry Styles,2020-08-01,7,11.0,7,18,2020
Watermelon Sugar,Harry Styles,2020-08-08,7,7.0,7,19,2020
Watermelon Sugar,Harry Styles,2020-08-15,1,7.0,1,20,2020
Watermelon Sugar,Harry Styles,2020-08-22,5,1.0,1,21,2020
Watermelon Sugar,Harry Styles,2020-08-29,7,5.0,1,22,2020
Watermelon Sugar,Harry Styles,2020-09-05,7,7.0,1,23,2020
Watermelon Sugar,Harry Styles,2020-09-12,6,7.0,1,24,2020
Watermelon Sugar,Harry Styles,2020-09-19,7,6.0,1,25,2020
Watermelon Sugar,Harry Styles,2020-09-26,7,7.0,1,26,2020
Watermelon Sugar,Harry Styles,2020-10-03,8,7.0,1,27,2020
Watermelon Sugar,Harry Styles,2020-10-10,9,8.0,1,28,2020
Watermelon Sugar,Harry Styles,2020-10-17,11,9.0,1,29,2020
Watermelon Sugar,Harry Styles,2020-10-24,9,11.0,1,30,2020
Watermelon Sugar,Harry Styles,2020-10-31,11,9.0,1,31,2020
Watermelon Sugar,Harry Styles,2020-11-07,15,11.0,1,32,2020
Watermelon Sugar,Harry Styles,2020-11-14,17,15.0,1,33,2020
Watermelon Sugar,Harry Styles,2020-11-21,18,17.0,1,34,2020
Watermelon Sugar,Harry Styles,2020-11-28,21,18.0,1,35,2020
Watermelon Sugar,Harry Styles,2020-12-05,36,21.0,1,36,2020
Watermelon Sugar,Harry Styles,2020-12-12,50,36.0,1,37,2020
What You Know Bout Love,Pop Smoke,2021-01-02,51,48.0,25,16,2021
What You Know Bout Love,Pop Smoke,2021-01-09,22,51.0,22,17,2021
What You Know Bout Love,Pop Smoke,2021-01-16,20,22.0,20,18,2021
What You Know Bout Love,Pop Smoke,2021-01-23,27,20.0,20,19,2021
What You Know Bout Love,Pop Smoke,2021-01-30,23,27.0,20,20,2021
What You Know Bout Love,Pop Smoke,2021-02-06,19,23.0,19,21,2021
What You Know Bout Love,Pop Smoke,2021-02-13,13,19.0,13,22,2021
What You Know Bout Love,Pop Smoke,2021-02-20,10,13.0,10,23,2021
What You Know Bout Love,Pop Smoke,2021-02-27,12,10.0,10,24,2021
What You Know Bout Love,Pop Smoke,2021-03-06,11,12.0,10,25,2021
What You Know Bout Love,Pop Smoke,2021-03-13,9,11.0,9,26,2021
What You Know Bout Love,Pop Smoke,2021-03-20,12,9.0,9,27,2021
What You Know Bout Love,Pop Smoke,2021-03-27,12,12.0,9,28,2021
What You Know Bout Love,Pop Smoke,2021-04-03,9,12.0,9,29,2021
What You Know Bout Love,Pop Smoke,2021-04-10,10,9.0,9,30,2021
What You Know Bout Love,Pop Smoke,2021-04-17,12,10.0,9,31,2021
What You Know Bout Love,Pop Smoke,2021-04-24,14,12.0,9,32,2021
What You Know Bout Love,Pop Smoke,2021-05-01,17,14.0,9,33,2021
What You Know Bout Love,Pop Smoke,2021-05-08,19,17.0,9,34,2021
What You Know Bout Love,Pop Smoke,2021-05-15,26,19.0,9,35,2021
What You Know Bout Love,Pop Smoke,2021-05-22,28,26.0,9,36,2021
What You Know Bout Love,Pop Smoke,2021-05-29,45,28.0,9,37,2021
Calling My Phone,Lil Tjay Featuring 6LACK,2021-03-20,14,8.0,3,4,2021
Savage,Megan Thee Stallion,2020-04-18,14,18.0,14,4,2020
Dakiti,Bad Bunny & Jhay Cortez,2020-12-05,15,9.0,8,4,2020
Stuck With U,Ariana Grande & Justin Bieber,2020-06-13,17,15.0,1,4,2020
Come & Go,Juice WRLD x Marshmello,2020-08-15,17,17.0,2,4,2020
Save Your Tears,The Weeknd & Ariana Grande,2021-01-30,20,21.0,20,4,2021
Popstar,DJ Khaled Featuring Drake,2020-08-22,23,18.0,3,4,2020
Anyone,Justin Bieber,2021-02-06,26,26.0,6,4,2021
Roses,SAINt JHN,2020-04-25,26,30.0,26,4,2020
Stupid Love,Lady Gaga,2020-04-04,27,25.0,5,4,2020
Savage Love (Laxed - Siren Beat),Jawsh 685 x Jason Derulo,2020-07-18,29,31.0,29,4,2020
Cardigan,Taylor Swift,2020-08-29,33,24.0,1,4,2020
Astronaut In The Ocean,Masked Wolf,2021-03-20,37,49.0,37,4,2021
Rockin' Around The Christmas Tree,Justin Bieber,2021-01-02,61,87.0,61,4,2021
Life Goes On,BTS,2020-12-19,93,28.0,1,3,2020
Drivers License,Olivia Rodrigo,2021-02-13,1,1.0,1,4,2021
Dynamite,BTS,2020-09-26,2,2.0,1,4,2020
Life Is Good,Future Featuring Drake,2020-02-15,2,2.0,2,4,2020
Laugh Now Cry Later,Drake Featuring Lil Durk,2020-09-19,3,3.0,2,4,2020
Leave The Door Open,Silk Sonic (Bruno Mars & Anderson .Paak),2021-04-10,3,3.0,2,4,2021
Montero (Call Me By Your Name),Lil Nas X,2021-05-01,4,2.0,1,4,2021
Kiss Me More,Doja Cat Featuring SZA,2021-05-15,5,6.0,5,4,2021
Mood,24kGoldn Featuring iann dior,2020-09-12,8,12.0,8,4,2020
Good Days,SZA,2021-01-30,10,10.0,10,4,2021
Holy,Justin Bieber Featuring Chance The Rapper,2020-10-24,14,14.0,3,4,2020
Godzilla,Eminem Featuring Juice WRLD,2020-02-22,28,20.0,3,4,2020
Gooba,6ix9ine,2020-06-13,37,22.0,3,4,2020
Up,Cardi B,2021-02-20,2,,2,1,2021
Up,Cardi B,2021-02-27,5,2.0,2,2,2021
Up,Cardi B,2021-03-06,2,5.0,2,3,2021
Up,Cardi B,2021-03-13,2,2.0,2,4,2021
Up,Cardi B,2021-03-20,6,2.0,2,5,2021
Up,Cardi B,2021-03-27,1,6.0,1,6,2021
Up,Cardi B,2021-04-03,2,1.0,1,7,2021
Up,Cardi B,2021-04-10,4,2.0,1,8,2021
Up,Cardi B,2021-04-17,4,4.0,1,9,2021
Up,Cardi B,2021-04-24,8,4.0,1,10,2021
Up,Cardi B,2021-05-01,9,8.0,1,11,2021
Up,Cardi B,2021-05-08,9,9.0,1,12,2021
Up,Cardi B,2021-05-15,12,9.0,1,13,2021
Up,Cardi B,2021-05-22,14,12.0,1,14,2021
Up,Cardi B,2021-05-29,27,14.0,1,15,2021
What's Next,Drake,2021-03-20,1,,1,1,2021
What's Next,Drake,2021-03-27,4,1.0,1,2,2021
What's Next,Drake,2021-04-03,8,4.0,1,3,2021
What's Next,Drake,2021-04-10,13,8.0,1,4,2021
What's Next,Drake,2021-04-17,17,13.0,1,5,2021
What's Next,Drake,2021-04-24,25,17.0,1,6,2021
What's Next,Drake,2021-05-01,28,25.0,1,7,2021
What's Next,Drake,2021-05-08,30,28.0,1,8,2021
What's Next,Drake,2021-05-15,45,30.0,1,9,2021
What's Next,Drake,2021-05-22,52,45.0,1,10,2021
What's Next,Drake,2021-05-29,66,52.0,1,11,2021
Whats Poppin,"Jack Harlow Featuring DaBaby, Tory Lanez & Lil Wayne",2020-02-22,96,,96,1,2020
Whats Poppin,"Jack Harlow Featuring DaBaby, Tory Lanez & Lil Wayne",2020-02-29,84,96.0,84,2,2020
Whats Poppin,"Jack Harlow Featuring DaBaby, Tory Lanez & Lil Wayne",2020-03-07,77,84.0,77,3,2020
Whats Poppin,"Jack Harlow Featuring DaBaby, Tory Lanez & Lil Wayne",2020-03-14,74,77.0,74,4,2020
Whats Poppin,"Jack Harlow Featuring DaBaby, Tory Lanez & Lil Wayne",2020-03-21,73,74.0,73,5,2020
Whats Poppin,"Jack Harlow Featuring DaBaby, Tory Lanez & Lil Wayne",2020-03-28,48,73.0,48,6,2020
Whats Poppin,"Jack Harlow Featuring DaBaby, Tory Lanez & Lil Wayne",2020-04-04,57,48.0,48,7,2020
Whats Poppin,"Jack Harlow Featuring DaBaby, Tory Lanez & Lil Wayne",2020-04-11,49,57.0,48,8,2020
Whats Poppin,"Jack Harlow Featuring DaBaby, Tory Lanez & Lil Wayne",2020-04-18,36,49.0,36,9,2020
Whats Poppin,"Jack Harlow Featuring DaBaby, Tory Lanez & Lil Wayne",2020-04-25,36,36.0,36,10,2020
Whats Poppin,"Jack Harlow Featuring DaBaby, Tory Lanez & Lil Wayne",2020-05-02,37,36.0,36,11,2020
Whats Poppin,"Jack Harlow Featuring DaBaby, Tory Lanez & Lil Wayne",2020-05-09,35,37.0,35,12,2020
Whats Poppin,"Jack Harlow Featuring DaBaby, Tory Lanez & Lil Wayne",2020-05-16,44,35.0,35,13,2020
Whats Poppin,"Jack Harlow Featuring DaBaby, Tory Lanez & Lil Wayne",2020-05-23,32,44.0,32,14,2020
Whats Poppin,"Jack Harlow Featuring DaBaby, Tory Lanez & Lil Wayne",2020-05-30,28,32.0,28,15,2020
Whats Poppin,"Jack Harlow Featuring DaBaby, Tory Lanez & Lil Wayne",2020-06-06,25,28.0,25,16,2020
Whats Poppin,"Jack Harlow Featuring DaBaby, Tory Lanez & Lil Wayne",2020-06-13,21,25.0,21,17,2020
Whats Poppin,"Jack Harlow Featuring DaBaby, Tory Lanez & Lil Wayne",2020-06-20,16,21.0,16,18,2020
Whats Poppin,"Jack Harlow Featuring DaBaby, Tory Lanez & Lil Wayne",2020-06-27,18,16.0,16,19,2020
Whats Poppin,"Jack Harlow Featuring DaBaby, Tory Lanez & Lil Wayne",2020-07-04,8,18.0,8,20,2020
Whats Poppin,"Jack Harlow Featuring DaBaby, Tory Lanez & Lil Wayne",2020-07-11,2,8.0,2,21,2020
Whats Poppin,"Jack Harlow Featuring DaBaby, Tory Lanez & Lil Wayne",2020-07-18,3,2.0,2,22,2020
Whats Poppin,"Jack Harlow Featuring DaBaby, Tory Lanez & Lil Wayne",2020-07-25,3,3.0,2,23,2020
Whats Poppin,"Jack Harlow Featuring DaBaby, Tory Lanez & Lil Wayne",2020-08-01,2,3.0,2,24,2020
Whats Poppin,"Jack Harlow Featuring DaBaby, Tory Lanez & Lil Wayne",2020-08-08,3,2.0,2,25,2020
Whats Poppin,"Jack Harlow Featuring DaBaby, Tory Lanez & Lil Wayne",2020-08-15,3,3.0,2,26,2020
Whats Poppin,"Jack Harlow Featuring DaBaby, Tory Lanez & Lil Wayne",2020-08-22,4,3.0,2,27,2020
Whats Poppin,"Jack Harlow Featuring DaBaby, Tory Lanez & Lil Wayne",2020-08-29,5,4.0,2,28,2020
Whats Poppin,"Jack Harlow Featuring DaBaby, Tory Lanez & Lil Wayne",2020-09-05,6,5.0,2,29,2020
Whats Poppin,"Jack Harlow Featuring DaBaby, Tory Lanez & Lil Wayne",2020-09-12,7,6.0,2,30,2020
Whats Poppin,"Jack Harlow Featuring DaBaby, Tory Lanez & Lil Wayne",2020-09-19,8,7.0,2,31,2020
Whats Poppin,"Jack Harlow Featuring DaBaby, Tory Lanez & Lil Wayne",2020-09-26,10,8.0,2,32,2020
Whats Poppin,"Jack Harlow Featuring DaBaby, Tory Lanez & Lil Wayne",2020-10-03,12,10.0,2,33,2020
Whats Poppin,"Jack Harlow Featuring DaBaby, Tory Lanez & Lil Wayne",2020-10-10,13,12.0,2,34,2020
Whats Poppin,"Jack Harlow Featuring DaBaby, Tory Lanez & Lil Wayne",2020-10-17,16,13.0,2,35,2020
Whats Poppin,"Jack Harlow Featuring DaBaby, Tory Lanez & Lil Wayne",2020-10-24,18,16.0,2,36,2020
Whats Poppin,"Jack Harlow Featuring DaBaby, Tory Lanez & Lil Wayne",2020-10-31,18,18.0,2,37,2020
Whats Poppin,"Jack Harlow Featuring DaBaby, Tory Lanez & Lil Wayne",2020-11-07,20,18.0,2,38,2020
Whats Poppin,"Jack Harlow Featuring DaBaby, Tory Lanez & Lil Wayne",2020-11-14,24,20.0,2,39,2020
Whats Poppin,"Jack Harlow Featuring DaBaby, Tory Lanez & Lil Wayne",2020-11-21,25,24.0,2,40,2020
Whats Poppin,"Jack Harlow Featuring DaBaby, Tory Lanez & Lil Wayne",2020-11-28,30,25.0,2,41,2020
Whats Poppin,"Jack Harlow Featuring DaBaby, Tory Lanez & Lil Wayne",2020-12-05,39,30.0,2,42,2020
Whats Poppin,"Jack Harlow Featuring DaBaby, Tory Lanez & Lil Wayne",2020-12-12,48,39.0,2,43,2020
Whats Poppin,"Jack Harlow Featuring DaBaby, Tory Lanez & Lil Wayne",2020-12-19,47,48.0,2,44,2020
Whats Poppin,"Jack Harlow Featuring DaBaby, Tory Lanez & Lil Wayne",2020-12-26,44,47.0,2,45,2020
Whoopty,CJ,2021-01-02,52,53.0,51,7,2021
Whoopty,CJ,2021-01-09,27,52.0,27,8,2021
Whoopty,CJ,2021-01-16,21,27.0,21,9,2021
Whoopty,CJ,2021-01-23,25,21.0,21,10,2021
Whoopty,CJ,2021-01-30,19,25.0,19,11,2021
Whoopty,CJ,2021-02-06,16,19.0,16,12,2021
Whoopty,CJ,2021-02-13,10,16.0,10,13,2021
Whoopty,CJ,2021-02-20,11,10.0,10,14,2021
Whoopty,CJ,2021-02-27,15,11.0,10,15,2021
Whoopty,CJ,2021-03-06,14,15.0,10,16,2021
Whoopty,CJ,2021-03-13,18,14.0,10,17,2021
Whoopty,CJ,2021-03-20,29,18.0,10,18,2021
Whoopty,CJ,2021-03-27,45,29.0,10,19,2021
Whoopty,CJ,2021-04-03,38,45.0,10,20,2021
Whoopty,CJ,2021-04-10,38,38.0,10,21,2021
Whoopty,CJ,2021-04-17,48,38.0,10,22,2021
Peaches,Justin Bieber Featuring Daniel Caesar & Giveon,2021-05-08,3,3.0,1,6,2021
Positions,Ariana Grande,2020-12-12,3,4.0,1,6,2020
Rockstar,DaBaby Featuring Roddy Ricch,2020-06-06,3,4.0,3,6,2020
Savage Love (Laxed - Siren Beat),Jawsh 685 x Jason Derulo,2020-08-08,10,12.0,10,7,2020
Astronaut In The Ocean,Masked Wolf,2021-04-10,12,17.0,12,7,2021
Rain On Me,Lady Gaga & Ariana Grande,2020-07-18,16,12.0,1,7,2020
Calling My Phone,Lil Tjay Featuring 6LACK,2021-04-10,18,14.0,3,7,2021
Come & Go,Juice WRLD x Marshmello,2020-09-05,19,18.0,2,7,2020
Roses,SAINt JHN,2020-05-16,20,23.0,20,7,2020
Deja Vu,Olivia Rodrigo,2021-05-29,21,17.0,8,7,2021
Dakiti,Bad Bunny & Jhay Cortez,2020-12-26,23,17.0,5,7,2020
Popstar,DJ Khaled Featuring Drake,2020-09-12,24,21.0,3,7,2020
Stuck With U,Ariana Grande & Justin Bieber,2020-07-04,28,26.0,1,7,2020
Anyone,Justin Bieber,2021-02-27,28,34.0,6,7,2021
Blinding Lights,The Weeknd,2020-01-25,32,39.0,11,7,2020
Stupid Love,Lady Gaga,2020-04-25,33,32.0,5,7,2020
Say So,Doja Cat Featuring Nicki Minaj,2020-02-29,51,58.0,51,7,2020
Cardigan,Taylor Swift,2020-09-19,52,45.0,1,7,2020
Rockstar,DaBaby Featuring Roddy Ricch,2020-06-20,1,1.0,1,8,2020
Savage,Megan Thee Stallion,2020-05-16,2,4.0,2,8,2020
Peaches,Justin Bieber Featuring Daniel Caesar & Giveon,2021-05-22,3,3.0,1,8,2021
Save Your Tears,The Weeknd & Ariana Grande,2021-02-27,6,4.0,4,8,2021
Savage Love (Laxed - Siren Beat),Jawsh 685 x Jason Derulo,2020-08-15,7,10.0,7,8,2020
Positions,Ariana Grande,2020-12-26,8,4.0,1,8,2020
Popstar,DJ Khaled Featuring Drake,2020-09-19,10,24.0,3,8,2020
Astronaut In The Ocean,Masked Wolf,2021-04-17,10,12.0,10,8,2021
Calling My Phone,Lil Tjay Featuring 6LACK,2021-04-17,11,18.0,3,8,2021
Roses,SAINt JHN,2020-05-23,16,20.0,16,8,2020
I Hope,Gabby Barrett Featuring Charlie Puth,2020-02-15,53,56.0,53,6,2020
Cardigan,Taylor Swift,2020-09-12,45,36.0,1,6,2020
Drivers License,Olivia Rodrigo,2021-02-06,1,1.0,1,3,2021
Dynamite,BTS,2020-09-19,2,1.0,1,3,2020
Montero (Call Me By Your Name),Lil Nas X,2021-04-24,2,2.0,1,3,2021
Life Is Good,Future Featuring Drake,2020-02-08,2,2.0,2,3,2020
Leave The Door Open,Silk Sonic (Bruno Mars & Anderson .Paak),2021-04-03,3,2.0,2,3,2021
Laugh Now Cry Later,Drake Featuring Lil Durk,2020-09-12,3,3.0,2,3,2020
Kiss Me More,Doja Cat Featuring SZA,2021-05-08,6,8.0,6,3,2021
Good Days,SZA,2021-01-23,10,23.0,10,3,2021
Mood,24kGoldn Featuring iann dior,2020-09-05,12,26.0,12,3,2020
Holy,Justin Bieber Featuring Chance The Rapper,2020-10-17,14,12.0,3,3,2020
Godzilla,Eminem Featuring Juice WRLD,2020-02-15,20,12.0,3,3,2020
Gooba,6ix9ine,2020-06-06,22,11.0,3,3,2020
Franchise,Travis Scott Featuring Young Thug & M.I.A.,2020-10-24,23,25.0,1,3,2020
Forever After All,Luke Combs,2020-11-21,27,18.0,2,3,2020
Lemon Pepper Freestyle,Drake Featuring Rick Ross,2021-04-03,56,31.0,3,3,2021
I Hope,Gabby Barrett Featuring Charlie Puth,2020-01-25,64,65.0,64,3,2020
Franchise,Travis Scott Featuring Young Thug & M.I.A.,2020-11-07,51,39.0,1,5,2020
Forever After All,Luke Combs,2020-12-05,53,40.0,2,5,2020
I Hope,Gabby Barrett Featuring Charlie Puth,2020-02-08,56,73.0,56,5,2020
Lemon Pepper Freestyle,Drake Featuring Rick Ross,2021-04-17,70,70.0,3,5,2021
Drivers License,Olivia Rodrigo,2021-02-27,1,1.0,1,6,2021
Dynamite,BTS,2020-10-10,2,1.0,1,6,2020
Life Is Good,Future Featuring Drake,2020-02-29,2,2.0,2,6,2020
Leave The Door Open,Silk Sonic (Bruno Mars & Anderson .Paak),2021-04-24,3,1.0,1,6,2021
Laugh Now Cry Later,Drake Featuring Lil Durk,2020-10-03,4,3.0,2,6,2020
Mood,24kGoldn Featuring iann dior,2020-09-26,6,6.0,6,6,2020
Montero (Call Me By Your Name),Lil Nas X,2021-05-15,9,7.0,1,6,2021
Holy,Justin Bieber Featuring Chance The Rapper,2020-11-07,10,9.0,3,6,2020
Kiss Me More,Doja Cat Featuring SZA,2021-05-29,10,5.0,5,6,2021
Good Days,SZA,2021-02-13,11,9.0,9,6,2021
Heartless,The Weeknd,2020-01-11,20,39.0,1,6,2020
Gooba,6ix9ine,2020-06-27,36,43.0,3,6,2020
Godzilla,Eminem Featuring Juice WRLD,2020-03-07,37,36.0,3,6,2020
Life Is Good,Future Featuring Drake,2020-03-28,4,3.0,2,10,2020
Holy,Justin Bieber Featuring Chance The Rapper,2020-12-05,6,6.0,3,10,2020
Dynamite,BTS,2020-11-07,12,7.0,1,10,2020
Don't Start Now,Dua Lipa,2020-01-18,14,21.0,14,10,2020
Cardigan,Taylor Swift,2020-10-17,77,53.0,1,11,2020
Rockstar,DaBaby Featuring Roddy Ricch,2020-07-18,1,1.0,1,12,2020
Savage,Megan Thee Stallion,2020-06-13,2,2.0,1,12,2020
34+35,Ariana Grande Feat. Doja Cat & Megan Thee Stallion,2021-01-30,2,11.0,2,12,2021
Positions,Ariana Grande,2021-01-23,3,2.0,1,12,2021
Save Your Tears,The Weeknd & Ariana Grande,2021-03-27,5,7.0,4,12,2021
Astronaut In The Ocean,Masked Wolf,2021-05-15,7,8.0,7,12,2021
Roses,SAINt JHN,2020-06-20,7,10.0,7,12,2020
Savage Love (Laxed - Siren Beat),Jawsh 685 x Jason Derulo,2020-09-12,9,9.0,7,12,2020
Say So,Doja Cat Featuring Nicki Minaj,2020-04-04,9,14.0,9,12,2020
Blinding Lights,The Weeknd,2020-02-29,10,12.0,10,12,2020
Calling My Phone,Lil Tjay Featuring 6LACK,2021-05-15,13,14.0,3,12,2021
Dance Monkey,Tones And I,2020-01-04,14,11.0,9,12,2020
Anyone,Justin Bieber,2021-04-03,16,37.0,6,12,2021
"10,000 Hours",Dan + Shay & Justin Bieber,2020-01-04,17,13.0,4,12,2020
Come & Go,Juice WRLD x Marshmello,2020-10-10,20,19.0,2,12,2020
Popstar,DJ Khaled Featuring Drake,2020-10-17,34,21.0,3,12,2020
Rain On Me,Lady Gaga & Ariana Grande,2020-08-22,36,35.0,1,12,2020
Cardigan,Taylor Swift,2020-10-24,85,77.0,1,12,2020
Stuck With U,Ariana Grande & Justin Bieber,2020-08-08,88,58.0,1,12,2020
Rockstar,DaBaby Featuring Roddy Ricch,2020-07-25,1,1.0,1,13,2020
Savage,Megan Thee Stallion,2020-06-20,2,2.0,1,13,2020
34+35,Ariana Grande Feat. Doja Cat & Megan Thee Stallion,2021-02-06,4,2.0,2,13,2021
Positions,Ariana Grande,2021-01-30,5,3.0,1,13,2021
Save Your Tears,The Weeknd & Ariana Grande,2021-04-03,5,5.0,4,13,2021
Astronaut In The Ocean,Masked Wolf,2021-05-22,6,7.0,6,13,2021
Say So,Doja Cat Featuring Nicki Minaj,2020-04-11,7,9.0,7,13,2020
Dance Monkey,Tones And I,2020-01-11,7,14.0,7,13,2020
Roses,SAINt JHN,2020-06-27,8,7.0,7,13,2020
Blinding Lights,The Weeknd,2020-03-07,8,10.0,8,13,2020
"10,000 Hours",Dan + Shay & Justin Bieber,2020-01-11,9,17.0,4,13,2020
Savage Love (Laxed - Siren Beat),Jawsh 685 x Jason Derulo,2020-09-19,9,9.0,7,13,2020
Calling My Phone,Lil Tjay Featuring 6LACK,2021-05-22,13,13.0,3,13,2021
Come & Go,Juice WRLD x Marshmello,2020-10-17,24,20.0,2,13,2020
Anyone,Justin Bieber,2021-04-10,36,16.0,6,13,2021
Popstar,DJ Khaled Featuring Drake,2020-10-24,40,34.0,3,13,2020
Rain On Me,Lady Gaga & Ariana Grande,2020-08-29,44,36.0,1,13,2020
Stuck With U,Ariana Grande & Justin Bieber,2020-08-15,79,88.0,1,13,2020
Cardigan,Taylor Swift,2020-10-31,88,85.0,1,13,2020
Rockstar,DaBaby Featuring Roddy Ricch,2020-08-01,1,1.0,1,14,2020
Savage,Megan Thee Stallion,2020-06-27,4,2.0,1,14,2020
34+35,Ariana Grande Feat. Doja Cat & Megan Thee Stallion,2021-02-13,4,4.0,2,14,2021
Roses,SAINt JHN,2020-07-04,4,8.0,4,14,2020
"10,000 Hours",Dan + Shay & Justin Bieber,2020-01-18,5,9.0,4,14,2020
Save Your Tears,The Weeknd & Ariana Grande,2021-04-10,6,5.0,4,14,2021
Positions,Ariana Grande,2021-02-06,7,5.0,1,14,2021
Willow,Taylor Swift,2020-12-26,1,,1,1,2020
Without You,The Kid LAROI,2021-01-02,70,81.0,63,3,2021
Without You,The Kid LAROI,2021-01-09,65,70.0,63,4,2021
Without You,The Kid LAROI,2021-01-16,54,65.0,54,5,2021
Without You,The Kid LAROI,2021-01-23,57,54.0,54,6,2021
Without You,The Kid LAROI,2021-01-30,52,57.0,52,7,2021
Without You,The Kid LAROI,2021-02-06,47,52.0,47,8,2021
Without You,The Kid LAROI,2021-02-13,52,47.0,47,9,2021
Without You,The Kid LAROI,2021-02-20,44,52.0,44,10,2021
Without You,The Kid LAROI,2021-02-27,43,44.0,43,11,2021
Without You,The Kid LAROI,2021-03-06,38,43.0,38,12,2021
Without You,The Kid LAROI,2021-03-13,34,38.0,34,13,2021
Without You,The Kid LAROI,2021-03-20,44,34.0,34,14,2021
Without You,The Kid LAROI,2021-03-27,40,44.0,34,15,2021
Without You,The Kid LAROI,2021-04-03,36,40.0,34,16,2021
Without You,The Kid LAROI,2021-04-10,31,36.0,31,17,2021
Without You,The Kid LAROI,2021-04-17,30,31.0,30,18,2021
Without You,The Kid LAROI,2021-04-24,32,30.0,30,19,2021
Without You,The Kid LAROI,2021-05-01,31,32.0,30,20,2021
Without You,The Kid LAROI,2021-05-08,23,31.0,23,21,2021
Without You,The Kid LAROI,2021-05-15,8,23.0,8,22,2021
Without You,The Kid LAROI,2021-05-22,9,8.0,8,23,2021
Without You,The Kid LAROI,2021-05-29,16,9.0,8,24,2021
Your Power,Billie Eilish,2021-05-15,10,,10,1,2021
Your Power,Billie Eilish,2021-05-22,29,10.0,10,2,2021
Your Power,Billie Eilish,2021-05-29,54,29.0,10,3,2021
Yummy,Justin Bieber,2020-01-18,2,,2,1,2020
Yummy,Justin Bieber,2020-01-25,10,2.0,2,2,2020
Yummy,Justin Bieber,2020-02-01,11,10.0,2,3,2020
Yummy,Justin Bieber,2020-02-08,15,11.0,2,4,2020
Yummy,Justin Bieber,2020-02-15,14,15.0,2,5,2020
Yummy,Justin Bieber,2020-02-22,19,14.0,2,6,2020
Yummy,Justin Bieber,2020-02-29,11,19.0,2,7,2020
Yummy,Justin Bieber,2020-03-07,23,11.0,2,8,2020
Yummy,Justin Bieber,2020-03-14,40,23.0,2,9,2020
Yummy,Justin Bieber,2020-03-21,67,40.0,2,10,2020
Yummy,Justin Bieber,2020-03-28,78,67.0,2,11,2020
Yummy,Justin Bieber,2020-04-04,83,78.0,2,12,2020
Yummy,Justin Bieber,2020-04-11,84,83.0,2,13,2020
Yummy,Justin Bieber,2020-04-18,94,84.0,2,14,2020
Yummy,Justin Bieber,2020-04-25,94,94.0,2,15,2020
Come & Go,Juice WRLD x Marshmello,2020-10-24,21,24.0,2,14,2020
Calling My Phone,Lil Tjay Featuring 6LACK,2021-05-29,29,13.0,3,14,2021
Franchise,Travis Scott Featuring Young Thug & M.I.A.,2020-10-31,39,23.0,1,4,2020
Forever After All,Luke Combs,2020-11-28,40,27.0,2,4,2020
I Hope,Gabby Barrett Featuring Charlie Puth,2020-02-22,48,53.0,48,7,2020
Gooba,6ix9ine,2020-07-04,50,36.0,3,7,2020
Franchise,Travis Scott Featuring Young Thug & M.I.A.,2020-11-21,55,59.0,1,7,2020
Forever After All,Luke Combs,2020-12-19,66,68.0,2,7,2020
Drivers License,Olivia Rodrigo,2021-03-13,1,1.0,1,8,2021
Leave The Door Open,Silk Sonic (Bruno Mars & Anderson .Paak),2021-05-08,2,2.0,1,8,2021
Life Is Good,Future Featuring Drake,2020-03-14,2,2.0,2,8,2020
Dynamite,BTS,2020-10-24,5,2.0,1,8,2020
Laugh Now Cry Later,Drake Featuring Lil Durk,2020-10-17,5,4.0,2,8,2020
Mood,24kGoldn Featuring iann dior,2020-10-10,5,5.0,5,8,2020
Holy,Justin Bieber Featuring Chance The Rapper,2020-11-21,7,11.0,3,8,2020
Montero (Call Me By Your Name),Lil Nas X,2021-05-29,18,10.0,1,8,2021
Heartless,The Weeknd,2020-01-25,18,17.0,1,8,2020
Good Days,SZA,2021-02-27,18,13.0,9,8,2021
Godzilla,Eminem Featuring Juice WRLD,2020-03-21,32,42.0,3,8,2020
I Hope,Gabby Barrett Featuring Charlie Puth,2020-02-29,44,48.0,44,8,2020
Franchise,Travis Scott Featuring Young Thug & M.I.A.,2020-11-14,59,51.0,1,6,2020
Forever After All,Luke Combs,2020-12-12,68,53.0,2,6,2020
Drivers License,Olivia Rodrigo,2021-03-06,1,1.0,1,7,2021
Dynamite,BTS,2020-10-17,2,2.0,1,7,2020
Leave The Door Open,Silk Sonic (Bruno Mars & Anderson .Paak),2021-05-01,2,3.0,1,7,2021
Life Is Good,Future Featuring Drake,2020-03-07,2,2.0,2,7,2020
Laugh Now Cry Later,Drake Featuring Lil Durk,2020-10-10,4,4.0,2,7,2020
Mood,24kGoldn Featuring iann dior,2020-10-03,5,6.0,5,7,2020
Montero (Call Me By Your Name),Lil Nas X,2021-05-22,10,9.0,1,7,2021
Holy,Justin Bieber Featuring Chance The Rapper,2020-11-14,11,10.0,3,7,2020
Good Days,SZA,2021-02-20,13,11.0,9,7,2021
Heartless,The Weeknd,2020-01-18,17,20.0,1,7,2020
Godzilla,Eminem Featuring Juice WRLD,2020-03-14,42,37.0,3,7,2020
Godzilla,Eminem Featuring Juice WRLD,2020-04-11,47,38.0,3,11,2020
I Hope,Gabby Barrett Featuring Charlie Puth,2020-03-21,50,51.0,44,11,2020
Mood,24kGoldn Featuring iann dior,2020-11-07,3,1.0,1,12,2020
Laugh Now Cry Later,Drake Featuring Lil Durk,2020-11-14,3,4.0,2,12,2020
Drivers License,Olivia Rodrigo,2021-04-10,5,4.0,1,12,2021
Life Is Good,Future Featuring Drake,2020-04-11,5,6.0,2,12,2020
Holy,Justin Bieber Featuring Chance The Rapper,2020-12-19,9,7.0,3,12,2020
Lose You To Love Me,Selena Gomez,2020-01-18,10,10.0,1,12,2020
Forever After All,Luke Combs,2020-12-26,92,66.0,2,8,2020
Leave The Door Open,Silk Sonic (Bruno Mars & Anderson .Paak),2021-05-15,2,2.0,1,9,2021
Life Is Good,Future Featuring Drake,2020-03-21,3,2.0,2,9,2020
Laugh Now Cry Later,Drake Featuring Lil Durk,2020-10-24,3,5.0,2,9,2020
Mood,24kGoldn Featuring iann dior,2020-10-17,4,5.0,4,9,2020
Drivers License,Olivia Rodrigo,2021-03-20,5,1.0,1,9,2021
Holy,Justin Bieber Featuring Chance The Rapper,2020-11-28,6,7.0,3,9,2020
Dynamite,BTS,2020-10-31,7,5.0,1,9,2020
Good Days,SZA,2021-03-06,17,18.0,9,9,2021
Heartless,The Weeknd,2020-02-01,19,18.0,1,9,2020
Don't Start Now,Dua Lipa,2020-01-11,21,52.0,21,9,2020
Godzilla,Eminem Featuring Juice WRLD,2020-03-28,23,32.0,3,9,2020
I Hope,Gabby Barrett Featuring Charlie Puth,2020-03-07,45,44.0,44,9,2020
Franchise,Travis Scott Featuring Young Thug & M.I.A.,2020-12-05,78,58.0,1,9,2020
Gooba,6ix9ine,2020-07-18,81,55.0,3,9,2020
Leave The Door Open,Silk Sonic (Bruno Mars & Anderson .Paak),2021-05-22,1,2.0,1,10,2021
Mood,24kGoldn Featuring iann dior,2020-10-24,1,4.0,1,10,2020
Drivers License,Olivia Rodrigo,2021-03-27,3,5.0,1,10,2021
Laugh Now Cry Later,Drake Featuring Lil Durk,2020-10-31,3,3.0,2,10,2020
Godzilla,Eminem Featuring Juice WRLD,2020-05-09,66,66.0,3,15,2020
Mood,24kGoldn Featuring iann dior,2020-12-05,2,1.0,1,16,2020
Memories,Maroon 5,2020-01-18,4,2.0,2,16,2020
Holy,Justin Bieber Featuring Chance The Rapper,2021-01-16,4,4.0,3,16,2021
Don't Start Now,Dua Lipa,2020-02-29,5,6.0,5,16,2020
Laugh Now Cry Later,Drake Featuring Lil Durk,2020-12-12,6,7.0,2,16,2020
Levitating,Dua Lipa Featuring DaBaby,2021-01-30,6,6.0,6,16,2021
Drivers License,Olivia Rodrigo,2021-05-08,10,10.0,1,16,2021
Lose You To Love Me,Selena Gomez,2020-02-15,11,11.0,1,16,2020
Life Is Good,Future Featuring Drake,2020-05-09,12,10.0,2,16,2020
I Hope,Gabby Barrett Featuring Charlie Puth,2020-04-25,17,20.0,17,16,2020
Heartless,The Weeknd,2020-03-21,21,17.0,1,16,2020
Dynamite,BTS,2020-12-19,24,10.0,1,16,2020
Good Days,SZA,2021-04-24,39,35.0,9,16,2021
Lose You To Love Me,Selena Gomez,2020-01-04,18,12.0,1,10,2020
Heartless,The Weeknd,2020-02-08,19,19.0,1,10,2020
Good Days,SZA,2021-03-13,23,17.0,9,10,2021
Godzilla,Eminem Featuring Juice WRLD,2020-04-04,38,23.0,3,10,2020
I Hope,Gabby Barrett Featuring Charlie Puth,2020-03-14,51,45.0,44,10,2020
Gooba,6ix9ine,2020-07-25,100,81.0,3,10,2020
Mood,24kGoldn Featuring iann dior,2020-10-31,1,1.0,1,11,2020
Leave The Door Open,Silk Sonic (Bruno Mars & Anderson .Paak),2021-05-29,4,1.0,1,11,2021
Drivers License,Olivia Rodrigo,2021-04-03,4,3.0,1,11,2021
Laugh Now Cry Later,Drake Featuring Lil Durk,2020-11-07,4,3.0,2,11,2020
Life Is Good,Future Featuring Drake,2020-04-04,6,4.0,2,11,2020
Holy,Justin Bieber Featuring Chance The Rapper,2020-12-12,7,6.0,3,11,2020
Lose You To Love Me,Selena Gomez,2020-01-11,10,18.0,1,11,2020
Don't Start Now,Dua Lipa,2020-01-25,14,14.0,14,11,2020
Dynamite,BTS,2020-11-14,16,12.0,1,11,2020
Heartless,The Weeknd,2020-02-15,17,19.0,1,11,2020
Good Days,SZA,2021-03-20,19,23.0,9,11,2021
Mood,24kGoldn Featuring iann dior,2021-02-06,2,3.0,1,25,2021
Don't Start Now,Dua Lipa,2020-05-02,4,4.0,2,25,2020
Levitating,Dua Lipa Featuring DaBaby,2021-04-03,7,7.0,5,25,2021
Memories,Maroon 5,2020-03-21,13,9.0,2,25,2020
Life Is Good,Future Featuring Drake,2020-07-11,18,21.0,2,25,2020
I Hope,Gabby Barrett Featuring Charlie Puth,2020-06-27,23,18.0,16,25,2020
Laugh Now Cry Later,Drake Featuring Lil Durk,2021-02-13,24,22.0,2,25,2021
Dynamite,BTS,2021-02-20,43,46.0,1,25,2021
Holy,Justin Bieber Featuring Chance The Rapper,2021-03-20,49,29.0,3,25,2021
Mood,24kGoldn Featuring iann dior,2021-02-13,2,2.0,1,26,2021
Don't Start Now,Dua Lipa,2020-05-09,7,4.0,2,26,2020
Levitating,Dua Lipa Featuring DaBaby,2021-04-10,7,7.0,5,26,2021
Memories,Maroon 5,2020-03-28,12,13.0,2,26,2020
I Hope,Gabby Barrett Featuring Charlie Puth,2020-07-04,17,23.0,16,26,2020
Life Is Good,Future Featuring Drake,2020-07-18,24,18.0,2,26,2020
Laugh Now Cry Later,Drake Featuring Lil Durk,2021-02-20,30,24.0,2,26,2021
Dynamite,BTS,2021-02-27,45,43.0,1,26,2021
Mood,24kGoldn Featuring iann dior,2021-02-20,5,2.0,1,27,2021
Don't Start Now,Dua Lipa,2020-05-16,6,7.0,2,27,2020
Levitating,Dua Lipa Featuring DaBaby,2021-04-17,7,7.0,5,27,2021
Memories,Maroon 5,2020-04-04,14,12.0,2,27,2020
I Hope,Gabby Barrett Featuring Charlie Puth,2020-07-11,21,17.0,16,27,2020
Laugh Now Cry Later,Drake Featuring Lil Durk,2021-02-27,36,30.0,2,27,2021
Life Is Good,Future Featuring Drake,2020-07-25,39,24.0,2,27,2020
Dynamite,BTS,2021-03-06,50,45.0,1,27,2021
Levitating,Dua Lipa Featuring DaBaby,2021-04-24,6,7.0,5,28,2021
Mood,24kGoldn Featuring iann dior,2021-02-27,7,5.0,1,28,2021
Don't Start Now,Dua Lipa,2020-05-23,9,6.0,2,28,2020
Memories,Maroon 5,2020-04-11,13,14.0,2,28,2020
I Hope,Gabby Barrett Featuring Charlie Puth,2020-07-18,23,21.0,16,28,2020
Life Is Good,Future Featuring Drake,2020-08-01,28,39.0,2,28,2020
Laugh Now Cry Later,Drake Featuring Lil Durk,2021-03-06,39,36.0,2,28,2021
Dynamite,BTS,2021-03-13,43,50.0,1,28,2021
Levitating,Dua Lipa Featuring DaBaby,2021-05-01,5,6.0,5,29,2021
Mood,24kGoldn Featuring iann dior,2021-03-06,7,7.0,1,29,2021
Don't Start Now,Dua Lipa,2020-05-30,8,9.0,2,29,2020
Memories,Maroon 5,2020-04-18,15,13.0,2,29,2020
I Hope,Gabby Barrett Featuring Charlie Puth,2020-07-25,23,23.0,16,29,2020
Life Is Good,Future Featuring Drake,2020-08-08,30,28.0,2,29,2020
Dynamite,BTS,2021-03-20,43,43.0,1,29,2021
Laugh Now Cry Later,Drake Featuring Lil Durk,2021-03-13,47,39.0,2,29,2021
Levitating,Dua Lipa Featuring DaBaby,2021-05-08,5,5.0,5,30,2021
Mood,24kGoldn Featuring iann dior,2021-03-13,7,7.0,1,30,2021
Don't Start Now,Dua Lipa,2020-06-06,7,8.0,2,30,2020
Memories,Maroon 5,2020-04-25,15,15.0,2,30,2020
I Hope,Gabby Barrett Featuring Charlie Puth,2020-08-01,16,23.0,16,30,2020
Life Is Good,Future Featuring Drake,2020-08-15,29,30.0,2,30,2020
Dynamite,BTS,2021-03-27,34,43.0,1,30,2021
Levitating,Dua Lipa Featuring DaBaby,2021-05-15,4,5.0,4,31,2021
Don't Start Now,Dua Lipa,2020-06-13,7,7.0,2,31,2020
Mood,24kGoldn Featuring iann dior,2021-03-20,10,7.0,1,31,2021
Memories,Maroon 5,2020-05-02,18,15.0,2,31,2020
I Hope,Gabby Barrett Featuring Charlie Puth,2020-08-08,18,16.0,16,31,2020
Dynamite,BTS,2021-04-03,26,34.0,1,31,2021
Life Is Good,Future Featuring Drake,2020-08-22,30,29.0,2,31,2020
Levitating,Dua Lipa Featuring DaBaby,2021-05-22,2,4.0,2,32,2021
Mood,24kGoldn Featuring iann dior,2021-03-27,8,10.0,1,32,2021
Don't Start Now,Dua Lipa,2020-06-20,8,7.0,2,32,2020
I Hope,Gabby Barrett Featuring Charlie Puth,2020-08-15,15,18.0,15,32,2020
Memories,Maroon 5,2020-05-09,21,18.0,2,32,2020
Dynamite,BTS,2021-04-10,30,26.0,1,32,2021
Life Is Good,Future Featuring Drake,2020-08-29,31,30.0,2,32,2020
Levitating,Dua Lipa Featuring DaBaby,2021-05-29,3,2.0,2,33,2021
Mood,24kGoldn Featuring iann dior,2021-04-03,10,8.0,1,33,2021
I Hope,Gabby Barrett Featuring Charlie Puth,2020-08-22,11,15.0,11,33,2020
Don't Start Now,Dua Lipa,2020-06-27,14,8.0,2,33,2020
Go Crazy,Chris Brown & Young Thug,2021-01-02,24,16.0,9,33,2021
Memories,Maroon 5,2020-05-16,26,21.0,2,33,2020
Life Is Good,Future Featuring Drake,2020-09-05,35,31.0,2,33,2020
Go Crazy,Chris Brown & Young Thug,2021-01-09,6,24.0,6,34,2021
Mood,24kGoldn Featuring iann dior,2021-04-10,9,10.0,1,34,2021
I Hope,Gabby Barrett Featuring Charlie Puth,2020-08-29,10,11.0,10,34,2020
Don't Start Now,Dua Lipa,2020-07-04,14,14.0,2,34,2020
Memories,Maroon 5,2020-05-23,24,26.0,2,34,2020
Life Is Good,Future Featuring Drake,2020-09-12,39,35.0,2,34,2020
Go Crazy,Chris Brown & Young Thug,2021-01-16,5,6.0,5,35,2021
I Hope,Gabby Barrett Featuring Charlie Puth,2020-09-05,11,10.0,10,35,2020
Mood,24kGoldn Featuring iann dior,2021-04-17,13,9.0,1,35,2021
Don't Start Now,Dua Lipa,2020-07-11,15,14.0,2,35,2020
Memories,Maroon 5,2020-05-30,31,24.0,2,35,2020
Life Is Good,Future Featuring Drake,2020-09-19,33,39.0,2,35,2020
Go Crazy,Chris Brown & Young Thug,2021-01-23,5,5.0,5,36,2021
I Hope,Gabby Barrett Featuring Charlie Puth,2020-09-12,12,11.0,10,36,2020
Don't Start Now,Dua Lipa,2020-07-18,15,15.0,2,36,2020
Mood,24kGoldn Featuring iann dior,2021-04-24,18,13.0,1,36,2021
Life Is Good,Future Featuring Drake,2020-09-26,33,33.0,2,36,2020
Memories,Maroon 5,2020-06-06,36,31.0,2,36,2020
Go Crazy,Chris Brown & Young Thug,2021-01-30,7,5.0,5,37,2021
I Hope,Gabby Barrett Featuring Charlie Puth,2020-09-19,12,12.0,10,37,2020
Mood,24kGoldn Featuring iann dior,2021-05-01,19,18.0,1,37,2021
Don't Start Now,Dua Lipa,2020-07-25,27,15.0,2,37,2020
Memories,Maroon 5,2020-06-13,32,36.0,2,37,2020
Life Is Good,Future Featuring Drake,2020-10-03,36,33.0,2,37,2020
Go Crazy,Chris Brown & Young Thug,2021-02-06,6,7.0,5,38,2021
I Hope,Gabby Barrett Featuring Charlie Puth,2020-09-26,11,12.0,10,38,2020
Mood,24kGoldn Featuring iann dior,2021-05-08,20,19.0,1,38,2021
Don't Start Now,Dua Lipa,2020-08-01,27,27.0,2,38,2020
Memories,Maroon 5,2020-06-20,32,32.0,2,38,2020
Life Is Good,Future Featuring Drake,2020-10-10,41,36.0,2,38,2020
Go Crazy,Chris Brown & Young Thug,2021-02-13,6,6.0,5,39,2021
I Hope,Gabby Barrett Featuring Charlie Puth,2020-10-03,10,11.0,10,39,2020
Mood,24kGoldn Featuring iann dior,2021-05-15,24,20.0,1,39,2021
Don't Start Now,Dua Lipa,2020-08-08,24,27.0,2,39,2020
Memories,Maroon 5,2020-06-27,39,32.0,2,39,2020
Lemon Pepper Freestyle,Drake Featuring Rick Ross,2021-04-10,70,56.0,3,4,2021
I Hope,Gabby Barrett Featuring Charlie Puth,2020-02-01,73,64.0,64,4,2020
Drivers License,Olivia Rodrigo,2021-02-20,1,1.0,1,5,2021
Dynamite,BTS,2020-10-03,1,2.0,1,5,2020
Leave The Door Open,Silk Sonic (Bruno Mars & Anderson .Paak),2021-04-17,1,3.0,1,5,2021
Life Is Good,Future Featuring Drake,2020-02-22,2,2.0,2,5,2020
Laugh Now Cry Later,Drake Featuring Lil Durk,2020-09-26,3,3.0,2,5,2020
Kiss Me More,Doja Cat Featuring SZA,2021-05-22,5,5.0,5,5,2021
Mood,24kGoldn Featuring iann dior,2020-09-19,6,8.0,6,5,2020
Montero (Call Me By Your Name),Lil Nas X,2021-05-08,7,4.0,1,5,2021
Holy,Justin Bieber Featuring Chance The Rapper,2020-10-31,9,14.0,3,5,2020
Good Days,SZA,2021-02-06,9,10.0,9,5,2021
Godzilla,Eminem Featuring Juice WRLD,2020-02-29,36,28.0,3,5,2020
Heartless,The Weeknd,2020-01-04,39,26.0,1,5,2020
Gooba,6ix9ine,2020-06-20,43,37.0,3,5,2020
Godzilla,Eminem Featuring Juice WRLD,2020-05-30,90,78.0,3,18,2020
Don't Start Now,Dua Lipa,2020-03-21,2,3.0,2,19,2020
Memories,Maroon 5,2020-02-08,4,5.0,2,19,2020
Mood,24kGoldn Featuring iann dior,2020-12-26,5,2.0,1,19,2020
Dynamite,BTS,2021-01-09,5,44.0,1,19,2021
Life Is Good,Future Featuring Drake,2020-05-30,6,13.0,2,19,2020
Holy,Justin Bieber Featuring Chance The Rapper,2021-02-06,8,8.0,3,19,2021
Levitating,Dua Lipa Featuring DaBaby,2021-02-20,8,5.0,5,19,2021
Heartless,The Weeknd,2020-04-11,12,4.0,1,19,2020
Lose You To Love Me,Selena Gomez,2020-03-07,21,21.0,1,19,2020
I Hope,Gabby Barrett Featuring Charlie Puth,2020-05-16,21,19.0,16,19,2020
Drivers License,Olivia Rodrigo,2021-05-29,24,16.0,1,19,2021
Laugh Now Cry Later,Drake Featuring Lil Durk,2021-01-02,25,17.0,2,19,2021
Good Days,SZA,2021-05-15,49,44.0,9,19,2021
Godzilla,Eminem Featuring Juice WRLD,2020-06-06,88,90.0,3,19,2020
Don't Start Now,Dua Lipa,2020-03-28,3,2.0,2,20,2020
Memories,Maroon 5,2020-02-15,4,4.0,2,20,2020
Mood,24kGoldn Featuring iann dior,2021-01-02,7,5.0,1,20,2021
Laugh Now Cry Later,Drake Featuring Lil Durk,2021-01-09,7,25.0,2,20,2021
Popstar,DJ Khaled Featuring Drake,2020-10-31,46,40.0,3,14,2020
Anyone,Justin Bieber,2021-04-17,53,36.0,6,14,2021
Rain On Me,Lady Gaga & Ariana Grande,2020-09-05,55,44.0,1,14,2020
Stuck With U,Ariana Grande & Justin Bieber,2020-08-22,79,79.0,1,14,2020
Cardigan,Taylor Swift,2020-11-07,96,88.0,1,14,2020
Rockstar,DaBaby Featuring Roddy Ricch,2020-08-08,2,1.0,1,15,2020
Savage,Megan Thee Stallion,2020-07-04,2,4.0,1,15,2020
Blinding Lights,The Weeknd,2020-03-21,4,7.0,4,15,2020
Roses,SAINt JHN,2020-07-11,5,4.0,4,15,2020
Say So,Doja Cat Featuring Nicki Minaj,2020-04-25,5,8.0,5,15,2020
34+35,Ariana Grande Feat. Doja Cat & Megan Thee Stallion,2021-02-20,6,4.0,2,15,2021
Save Your Tears,The Weeknd & Ariana Grande,2021-04-17,6,6.0,4,15,2021
Positions,Ariana Grande,2021-02-13,7,7.0,1,15,2021
"10,000 Hours",Dan + Shay & Justin Bieber,2020-01-25,7,5.0,4,15,2020
Dance Monkey,Tones And I,2020-01-25,8,7.0,7,15,2020
Savage Love (Laxed - Siren Beat),Jawsh 685 x Jason Derulo,2020-10-03,9,8.0,7,15,2020
Come & Go,Juice WRLD x Marshmello,2020-10-31,22,21.0,2,15,2020
Rain On Me,Lady Gaga & Ariana Grande,2020-09-12,34,55.0,1,15,2020
Popstar,DJ Khaled Featuring Drake,2020-11-07,54,46.0,3,15,2020
Anyone,Justin Bieber,2021-04-24,70,53.0,6,15,2021
Stuck With U,Ariana Grande & Justin Bieber,2020-08-29,90,79.0,1,15,2020
Rockstar,DaBaby Featuring Roddy Ricch,2020-08-15,2,2.0,1,16,2020
Blinding Lights,The Weeknd,2020-03-28,2,4.0,2,16,2020
34+35,Ariana Grande Feat. Doja Cat & Megan Thee Stallion,2021-02-27,2,6.0,2,16,2021
Savage,Megan Thee Stallion,2020-07-11,4,2.0,1,16,2020
Roses,SAINt JHN,2020-07-18,5,5.0,4,16,2020
Save Your Tears,The Weeknd & Ariana Grande,2021-04-24,5,6.0,4,16,2021
Say So,Doja Cat Featuring Nicki Minaj,2020-05-02,5,5.0,5,16,2020
"10,000 Hours",Dan + Shay & Justin Bieber,2020-02-01,6,7.0,4,16,2020
Dance Monkey,Tones And I,2020-02-01,7,8.0,7,16,2020
Savage Love (Laxed - Siren Beat),Jawsh 685 x Jason Derulo,2020-10-10,8,9.0,7,16,2020
Positions,Ariana Grande,2021-02-20,9,7.0,1,16,2021
Come & Go,Juice WRLD x Marshmello,2020-11-07,24,22.0,2,16,2020
Rain On Me,Lady Gaga & Ariana Grande,2020-09-19,37,34.0,1,16,2020
Popstar,DJ Khaled Featuring Drake,2020-11-14,62,54.0,3,16,2020
Anyone,Justin Bieber,2021-05-01,68,70.0,6,16,2021
Stuck With U,Ariana Grande & Justin Bieber,2020-09-05,89,90.0,1,16,2020
Blinding Lights,The Weeknd,2020-04-04,1,2.0,1,17,2020
Savage Love (Laxed - Siren Beat),Jawsh 685 x Jason Derulo,2020-10-17,1,8.0,1,17,2020
Rockstar,DaBaby Featuring Roddy Ricch,2020-08-22,2,2.0,1,17,2020
Savage,Megan Thee Stallion,2020-07-18,4,4.0,1,17,2020
34+35,Ariana Grande Feat. Doja Cat & Megan Thee Stallion,2021-03-06,4,2.0,2,17,2021
Circles,Post Malone,2020-01-04,5,3.0,1,17,2020
Save Your Tears,The Weeknd & Ariana Grande,2021-05-01,6,5.0,4,17,2021
"10,000 Hours",Dan + Shay & Justin Bieber,2020-02-08,6,6.0,4,17,2020
Say So,Doja Cat Featuring Nicki Minaj,2020-05-09,6,5.0,5,17,2020
Dance Monkey,Tones And I,2020-02-08,7,7.0,7,17,2020
Roses,SAINt JHN,2020-07-25,8,5.0,4,17,2020
Positions,Ariana Grande,2021-02-27,10,9.0,1,17,2021
Come & Go,Juice WRLD x Marshmello,2020-11-14,31,24.0,2,17,2020
Rain On Me,Lady Gaga & Ariana Grande,2020-09-26,37,37.0,1,17,2020
Popstar,DJ Khaled Featuring Drake,2020-11-21,64,62.0,3,17,2020
Dance Monkey,Tones And I,2020-01-18,7,7.0,7,14,2020
Blinding Lights,The Weeknd,2020-03-14,7,8.0,7,14,2020
Say So,Doja Cat Featuring Nicki Minaj,2020-04-18,8,7.0,7,14,2020
Savage Love (Laxed - Siren Beat),Jawsh 685 x Jason Derulo,2020-09-26,8,9.0,7,14,2020
Astronaut In The Ocean,Masked Wolf,2021-05-29,11,6.0,6,14,2021
"10,000 Hours",Dan + Shay & Justin Bieber,2020-02-29,13,9.0,4,20,2020
Positions,Ariana Grande,2021-03-20,15,11.0,1,20,2021
Come & Go,Juice WRLD x Marshmello,2020-12-05,60,47.0,2,20,2020
Rain On Me,Lady Gaga & Ariana Grande,2020-10-17,65,55.0,1,20,2020
Blinding Lights,The Weeknd,2020-05-02,1,1.0,1,21,2020
Circles,Post Malone,2020-02-01,4,3.0,1,21,2020
Rockstar,DaBaby Featuring Roddy Ricch,2020-09-19,4,4.0,1,21,2020
Say So,Doja Cat Featuring Nicki Minaj,2020-06-06,5,2.0,1,21,2020
Savage Love (Laxed - Siren Beat),Jawsh 685 x Jason Derulo,2020-11-14,6,8.0,1,21,2020
Roses,SAINt JHN,2020-08-22,6,5.0,4,21,2020
Dance Monkey,Tones And I,2020-03-07,7,4.0,4,21,2020
Save Your Tears,The Weeknd & Ariana Grande,2021-05-29,9,4.0,1,21,2021
34+35,Ariana Grande Feat. Doja Cat & Megan Thee Stallion,2021-04-03,11,9.0,2,21,2021
Savage,Megan Thee Stallion,2020-08-15,13,9.0,1,21,2020
"10,000 Hours",Dan + Shay & Justin Bieber,2020-03-07,16,13.0,4,21,2020
Positions,Ariana Grande,2021-03-27,17,15.0,1,21,2021
Blinding Lights,The Weeknd,2020-05-09,2,1.0,1,22,2020
Circles,Post Malone,2020-02-08,3,4.0,1,22,2020
Rockstar,DaBaby Featuring Roddy Ricch,2020-09-26,4,4.0,1,22,2020
Say So,Doja Cat Featuring Nicki Minaj,2020-06-13,4,5.0,1,22,2020
Roses,SAINt JHN,2020-08-29,8,6.0,4,22,2020
Dance Monkey,Tones And I,2020-03-14,8,7.0,4,22,2020
Savage Love (Laxed - Siren Beat),Jawsh 685 x Jason Derulo,2020-11-21,9,6.0,1,22,2020
34+35,Ariana Grande Feat. Doja Cat & Megan Thee Stallion,2021-04-10,14,11.0,2,22,2021
Savage,Megan Thee Stallion,2020-08-22,16,13.0,1,22,2020
"10,000 Hours",Dan + Shay & Justin Bieber,2020-03-14,20,16.0,4,22,2020
Positions,Ariana Grande,2021-04-03,21,17.0,1,22,2021
Blinding Lights,The Weeknd,2020-05-16,3,2.0,1,23,2020
Circles,Post Malone,2020-02-15,3,3.0,1,23,2020
Say So,Doja Cat Featuring Nicki Minaj,2020-06-20,4,4.0,1,23,2020
Rockstar,DaBaby Featuring Roddy Ricch,2020-10-03,6,4.0,1,23,2020
Roses,SAINt JHN,2020-09-05,8,8.0,4,23,2020
Savage Love (Laxed - Siren Beat),Jawsh 685 x Jason Derulo,2020-11-28,11,9.0,1,23,2020
Dance Monkey,Tones And I,2020-03-21,12,8.0,4,23,2020
34+35,Ariana Grande Feat. Doja Cat & Megan Thee Stallion,2021-04-17,15,14.0,2,23,2021
Savage,Megan Thee Stallion,2020-08-29,20,16.0,1,23,2020
Positions,Ariana Grande,2021-04-10,25,21.0,1,23,2021
"10,000 Hours",Dan + Shay & Justin Bieber,2020-03-21,27,20.0,4,23,2020
Circles,Post Malone,2020-02-22,3,3.0,1,24,2020
Blinding Lights,The Weeknd,2020-05-23,4,3.0,1,24,2020
Say So,Doja Cat Featuring Nicki Minaj,2020-06-27,6,4.0,1,24,2020
Rockstar,DaBaby Featuring Roddy Ricch,2020-10-10,7,6.0,1,24,2020
Roses,SAINt JHN,2020-09-12,11,8.0,4,24,2020
Dance Monkey,Tones And I,2020-03-28,15,12.0,4,24,2020
Savage Love (Laxed - Siren Beat),Jawsh 685 x Jason Derulo,2020-12-05,19,11.0,1,24,2020
Savage,Megan Thee Stallion,2020-09-05,20,20.0,1,24,2020
34+35,Ariana Grande Feat. Doja Cat & Megan Thee Stallion,2021-04-24,21,15.0,2,24,2021
"10,000 Hours",Dan + Shay & Justin Bieber,2020-03-28,22,27.0,4,24,2020
Positions,Ariana Grande,2021-04-17,24,25.0,1,24,2021
Circles,Post Malone,2020-02-29,3,3.0,1,25,2020
Blinding Lights,The Weeknd,2020-05-30,3,4.0,1,25,2020
Say So,Doja Cat Featuring Nicki Minaj,2020-07-04,6,6.0,1,25,2020
Rockstar,DaBaby Featuring Roddy Ricch,2020-10-17,7,7.0,1,25,2020
Roses,SAINt JHN,2020-09-19,13,11.0,4,25,2020
Dance Monkey,Tones And I,2020-04-04,15,15.0,4,25,2020
"10,000 Hours",Dan + Shay & Justin Bieber,2020-04-04,19,22.0,4,25,2020
34+35,Ariana Grande Feat. Doja Cat & Megan Thee Stallion,2021-05-01,26,21.0,2,25,2021
Savage Love (Laxed - Siren Beat),Jawsh 685 x Jason Derulo,2020-12-12,29,19.0,1,25,2020
Savage,Megan Thee Stallion,2020-09-12,30,20.0,1,25,2020
Positions,Ariana Grande,2021-04-24,31,24.0,1,25,2021
Circles,Post Malone,2020-03-07,3,3.0,1,26,2020
Blinding Lights,The Weeknd,2020-06-06,4,3.0,1,26,2020
Say So,Doja Cat Featuring Nicki Minaj,2020-07-11,6,6.0,1,26,2020
Rockstar,DaBaby Featuring Roddy Ricch,2020-10-24,7,7.0,1,26,2020
Roses,SAINt JHN,2020-09-26,14,13.0,4,26,2020
Dance Monkey,Tones And I,2020-04-11,20,15.0,4,26,2020
34+35,Ariana Grande Feat. Doja Cat & Megan Thee Stallion,2021-05-08,27,26.0,2,26,2021
"10,000 Hours",Dan + Shay & Justin Bieber,2020-04-11,28,19.0,4,26,2020
Savage,Megan Thee Stallion,2020-09-19,32,30.0,1,26,2020
Positions,Ariana Grande,2021-05-01,33,31.0,1,26,2021
Savage Love (Laxed - Siren Beat),Jawsh 685 x Jason Derulo,2020-12-19,44,29.0,1,26,2020
Blinding Lights,The Weeknd,2020-06-13,3,4.0,1,27,2020
Circles,Post Malone,2020-03-14,4,3.0,1,27,2020
Rockstar,DaBaby Featuring Roddy Ricch,2020-10-31,8,7.0,1,27,2020
Say So,Doja Cat Featuring Nicki Minaj,2020-07-18,9,6.0,1,27,2020
Roses,SAINt JHN,2020-10-03,18,14.0,4,27,2020
Dance Monkey,Tones And I,2020-04-18,21,20.0,4,27,2020
34+35,Ariana Grande Feat. Doja Cat & Megan Thee Stallion,2021-05-15,29,27.0,2,27,2021
Positions,Ariana Grande,2021-05-08,34,33.0,1,27,2021
"10,000 Hours",Dan + Shay & Justin Bieber,2020-04-18,34,28.0,4,27,2020
Savage,Megan Thee Stallion,2020-09-26,40,32.0,1,27,2020
Blinding Lights,The Weeknd,2020-06-20,3,3.0,1,28,2020
Circles,Post Malone,2020-03-21,5,4.0,1,28,2020
Rockstar,DaBaby Featuring Roddy Ricch,2020-11-07,11,8.0,1,28,2020
Say So,Doja Cat Featuring Nicki Minaj,2020-07-25,18,9.0,1,28,2020
Roses,SAINt JHN,2020-10-10,22,18.0,4,28,2020
Dance Monkey,Tones And I,2020-04-25,24,21.0,4,28,2020
"10,000 Hours",Dan + Shay & Justin Bieber,2020-04-25,34,34.0,4,28,2020
34+35,Ariana Grande Feat. Doja Cat & Megan Thee Stallion,2021-05-22,36,29.0,2,28,2021
Positions,Ariana Grande,2021-05-15,37,34.0,1,28,2021
Savage,Megan Thee Stallion,2020-10-03,48,40.0,1,28,2020
Blinding Lights,The Weeknd,2020-06-27,5,3.0,1,29,2020
Circles,Post Malone,2020-03-28,5,5.0,1,29,2020
Rockstar,DaBaby Featuring Roddy Ricch,2020-11-14,13,11.0,1,29,2020
Say So,Doja Cat Featuring Nicki Minaj,2020-08-01,21,18.0,1,29,2020
Roses,SAINt JHN,2020-10-17,31,22.0,4,29,2020
Dance Monkey,Tones And I,2020-05-02,31,24.0,4,29,2020
Positions,Ariana Grande,2021-05-22,37,37.0,1,29,2021
"10,000 Hours",Dan + Shay & Justin Bieber,2020-05-02,41,34.0,4,29,2020
Blinding Lights,The Weeknd,2020-07-04,3,5.0,1,30,2020
Circles,Post Malone,2020-04-04,5,5.0,1,30,2020
Rockstar,DaBaby Featuring Roddy Ricch,2020-11-21,14,13.0,1,30,2020
Say So,Doja Cat Featuring Nicki Minaj,2020-08-08,27,21.0,1,30,2020
Roses,SAINt JHN,2020-10-24,31,31.0,4,30,2020
Dance Monkey,Tones And I,2020-05-09,34,31.0,4,30,2020
"10,000 Hours",Dan + Shay & Justin Bieber,2020-05-09,46,41.0,4,30,2020
Blinding Lights,The Weeknd,2020-07-11,3,3.0,1,31,2020
Circles,Post Malone,2020-04-11,4,5.0,1,31,2020
Rockstar,DaBaby Featuring Roddy Ricch,2020-11-28,17,14.0,1,31,2020
Say So,Doja Cat Featuring Nicki Minaj,2020-08-15,33,27.0,1,31,2020
Roses,SAINt JHN,2020-10-31,33,31.0,4,31,2020
Dance Monkey,Tones And I,2020-05-16,49,34.0,4,31,2020
Blinding Lights,The Weeknd,2020-07-18,2,3.0,1,32,2020
Circles,Post Malone,2020-04-18,6,4.0,1,32,2020
Rockstar,DaBaby Featuring Roddy Ricch,2020-12-05,26,17.0,1,32,2020
Say So,Doja Cat Featuring Nicki Minaj,2020-08-22,33,33.0,1,32,2020
Roses,SAINt JHN,2020-11-07,39,33.0,4,32,2020
Dance Monkey,Tones And I,2020-05-23,42,49.0,4,32,2020
Blinding Lights,The Weeknd,2020-07-25,4,2.0,1,33,2020
Circles,Post Malone,2020-04-25,7,6.0,1,33,2020
Someone You Loved,Lewis Capaldi,2020-01-04,8,8.0,1,33,2020
Rockstar,DaBaby Featuring Roddy Ricch,2020-12-12,35,26.0,1,33,2020
Say So,Doja Cat Featuring Nicki Minaj,2020-08-29,43,33.0,1,33,2020
Roses,SAINt JHN,2020-11-14,44,39.0,4,33,2020
Dance Monkey,Tones And I,2020-05-30,47,42.0,4,33,2020
Blinding Lights,The Weeknd,2020-08-01,4,4.0,1,34,2020
Someone You Loved,Lewis Capaldi,2020-01-11,4,8.0,1,34,2020
Circles,Post Malone,2020-05-02,6,7.0,1,34,2020
Rockstar,DaBaby Featuring Roddy Ricch,2020-12-19,42,35.0,1,34,2020
Roses,SAINt JHN,2020-11-21,46,44.0,4,34,2020
Say So,Doja Cat Featuring Nicki Minaj,2020-09-05,47,43.0,1,34,2020
Dance Monkey,Tones And I,2020-06-06,48,47.0,4,34,2020
Blinding Lights,The Weeknd,2020-08-08,5,4.0,1,35,2020
Someone You Loved,Lewis Capaldi,2020-01-18,6,4.0,1,35,2020
Circles,Post Malone,2020-05-09,8,6.0,1,35,2020
Say So,Doja Cat Featuring Nicki Minaj,2020-09-12,46,47.0,1,35,2020
Stupid Love,Lady Gaga,2020-06-13,42,,42,10,2020
Go Crazy,Chris Brown & Young Thug,2021-02-20,7,6.0,5,40,2021
I Hope,Gabby Barrett Featuring Charlie Puth,2020-10-10,10,10.0,10,40,2020
Don't Start Now,Dua Lipa,2020-08-15,22,24.0,2,40,2020
Mood,24kGoldn Featuring iann dior,2021-05-22,24,24.0,1,40,2021
Memories,Maroon 5,2020-07-04,40,39.0,2,40,2020
Go Crazy,Chris Brown & Young Thug,2021-02-27,8,7.0,5,41,2021
I Hope,Gabby Barrett Featuring Charlie Puth,2020-10-17,8,10.0,8,41,2020
Don't Start Now,Dua Lipa,2020-08-22,26,22.0,2,41,2020
Mood,24kGoldn Featuring iann dior,2021-05-29,37,24.0,1,41,2021
Memories,Maroon 5,2020-07-11,42,40.0,2,41,2020
Go Crazy,Chris Brown & Young Thug,2021-03-06,3,8.0,3,42,2021
I Hope,Gabby Barrett Featuring Charlie Puth,2020-10-24,8,8.0,8,42,2020
Don't Start Now,Dua Lipa,2020-08-29,27,26.0,2,42,2020
Go Crazy,Chris Brown & Young Thug,2021-03-13,5,3.0,3,43,2021
I Hope,Gabby Barrett Featuring Charlie Puth,2020-10-31,6,8.0,6,43,2020
Don't Start Now,Dua Lipa,2020-09-05,27,27.0,2,43,2020
I Hope,Gabby Barrett Featuring Charlie Puth,2020-11-07,6,6.0,6,44,2020
Go Crazy,Chris Brown & Young Thug,2021-03-20,11,5.0,3,44,2021
Don't Start Now,Dua Lipa,2020-09-12,23,27.0,2,44,2020
I Hope,Gabby Barrett Featuring Charlie Puth,2020-11-14,5,6.0,5,45,2020
Go Crazy,Chris Brown & Young Thug,2021-03-27,11,11.0,3,45,2021
Don't Start Now,Dua Lipa,2020-09-19,25,23.0,2,45,2020
I Hope,Gabby Barrett Featuring Charlie Puth,2020-11-21,3,5.0,3,46,2020
Go Crazy,Chris Brown & Young Thug,2021-04-03,12,11.0,3,46,2021
Don't Start Now,Dua Lipa,2020-09-26,28,25.0,2,46,2020
I Hope,Gabby Barrett Featuring Charlie Puth,2020-11-28,4,3.0,3,47,2020
Go Crazy,Chris Brown & Young Thug,2021-04-10,15,12.0,3,47,2021
Don't Start Now,Dua Lipa,2020-10-03,32,28.0,2,47,2020
I Hope,Gabby Barrett Featuring Charlie Puth,2020-12-05,5,4.0,3,48,2020
Go Crazy,Chris Brown & Young Thug,2021-04-17,16,15.0,3,48,2021
Don't Start Now,Dua Lipa,2020-10-10,33,32.0,2,48,2020
I Hope,Gabby Barrett Featuring Charlie Puth,2020-12-12,8,5.0,3,49,2020
Go Crazy,Chris Brown & Young Thug,2021-04-24,22,16.0,3,49,2021
Don't Start Now,Dua Lipa,2020-10-17,39,33.0,2,49,2020
I Hope,Gabby Barrett Featuring Charlie Puth,2020-12-19,12,8.0,3,50,2020
Go Crazy,Chris Brown & Young Thug,2021-05-01,24,22.0,3,50,2021
Don't Start Now,Dua Lipa,2020-10-24,35,39.0,2,50,2020
I Hope,Gabby Barrett Featuring Charlie Puth,2020-12-26,20,12.0,3,51,2020
Go Crazy,Chris Brown & Young Thug,2021-05-08,25,24.0,3,51,2021
Don't Start Now,Dua Lipa,2020-10-31,36,35.0,2,51,2020
Go Crazy,Chris Brown & Young Thug,2021-05-15,28,25.0,3,52,2021
I Hope,Gabby Barrett Featuring Charlie Puth,2021-01-02,30,20.0,3,52,2021
Don't Start Now,Dua Lipa,2020-11-07,38,36.0,2,52,2020
I Hope,Gabby Barrett Featuring Charlie Puth,2021-01-09,8,30.0,3,53,2021
I Hope,Gabby Barrett Featuring Charlie Puth,2021-01-16,10,8.0,3,54,2021
I Hope,Gabby Barrett Featuring Charlie Puth,2021-01-23,14,10.0,3,55,2021
I Hope,Gabby Barrett Featuring Charlie Puth,2021-01-30,12,14.0,3,56,2021
I Hope,Gabby Barrett Featuring Charlie Puth,2021-02-06,17,12.0,3,57,2021
I Hope,Gabby Barrett Featuring Charlie Puth,2021-02-13,19,17.0,3,58,2021
I Hope,Gabby Barrett Featuring Charlie Puth,2021-02-20,20,19.0,3,59,2021
I Hope,Gabby Barrett Featuring Charlie Puth,2021-02-27,19,20.0,3,60,2021
I Hope,Gabby Barrett Featuring Charlie Puth,2021-03-06,18,19.0,3,61,2021
I Hope,Gabby Barrett Featuring Charlie Puth,2021-03-13,24,18.0,3,62,2021
Love Story (Taylor's Version),Taylor Swift,2021-04-24,52,,52,2,2021
"Let It Snow, Let It Snow, Let It Snow",Dean Martin,2021-01-02,8,11.0,8,13,2021
"Let It Snow, Let It Snow, Let It Snow",Dean Martin,2021-01-09,41,8.0,8,14,2021
Heartless,Diplo Presents Thomas Wesley Featuring Morgan Wallen,2020-01-11,97,,97,4,2020
Feliz Navidad,Jose Feliciano,2021-01-02,6,10.0,6,13,2021
Feliz Navidad,Jose Feliciano,2021-01-09,39,6.0,6,14,2021
Heartless,Diplo Presents Thomas Wesley Featuring Morgan Wallen,2020-02-15,75,,75,5,2020
Heartless,Diplo Presents Thomas Wesley Featuring Morgan Wallen,2020-02-22,73,75.0,73,6,2020
Heartless,Diplo Presents Thomas Wesley Featuring Morgan Wallen,2020-02-29,83,73.0,73,7,2020
Heartless,Diplo Presents Thomas Wesley Featuring Morgan Wallen,2020-03-07,91,83.0,73,8,2020
Last Christmas,Wham!,2021-01-02,9,14.0,9,18,2021
It's The Most Wonderful Time Of The Year,Andy Williams,2021-01-02,5,7.0,5,19,2021
It's The Most Wonderful Time Of The Year,Andy Williams,2021-01-09,28,5.0,5,20,2021
Heartless,Diplo Presents Thomas Wesley Featuring Morgan Wallen,2020-04-04,90,,90,9,2020
Heartless,Diplo Presents Thomas Wesley Featuring Morgan Wallen,2020-04-11,68,90.0,68,10,2020
Heartless,Diplo Presents Thomas Wesley Featuring Morgan Wallen,2020-04-18,65,68.0,65,11,2020
Heartless,Diplo Presents Thomas Wesley Featuring Morgan Wallen,2020-04-25,68,65.0,65,12,2020
Heartless,Diplo Presents Thomas Wesley Featuring Morgan Wallen,2020-05-02,67,68.0,65,13,2020
Heartless,Diplo Presents Thomas Wesley Featuring Morgan Wallen,2020-05-09,57,67.0,57,14,2020
Heartless,Diplo Presents Thomas Wesley Featuring Morgan Wallen,2020-05-16,66,57.0,57,15,2020
Heartless,Diplo Presents Thomas Wesley Featuring Morgan Wallen,2020-05-23,58,66.0,57,16,2020
Heartless,Diplo Presents Thomas Wesley Featuring Morgan Wallen,2020-05-30,50,58.0,50,17,2020
Heartless,Diplo Presents Thomas Wesley Featuring Morgan Wallen,2020-06-06,53,50.0,50,18,2020
Heartless,Diplo Presents Thomas Wesley Featuring Morgan Wallen,2020-06-13,39,53.0,39,19,2020
Heartless,Diplo Presents Thomas Wesley Featuring Morgan Wallen,2020-06-20,41,39.0,39,20,2020
Heartless,Diplo Presents Thomas Wesley Featuring Morgan Wallen,2020-06-27,47,41.0,39,21,2020
Jingle Bell Rock,Bobby Helms,2020-01-04,3,9.0,3,30,2020
Jingle Bell Rock,Bobby Helms,2020-12-05,31,,31,31,2020
Jingle Bell Rock,Bobby Helms,2020-12-12,9,31.0,9,32,2020
Jingle Bell Rock,Bobby Helms,2020-12-19,5,9.0,5,33,2020
Jingle Bell Rock,Bobby Helms,2020-12-26,4,5.0,4,34,2020
Jingle Bell Rock,Bobby Helms,2021-01-02,3,4.0,3,35,2021
Jingle Bell Rock,Bobby Helms,2021-01-09,15,3.0,3,36,2021
Anyone,Justin Bieber,2021-05-08,87,68.0,6,17,2021
Stuck With U,Ariana Grande & Justin Bieber,2020-09-12,91,89.0,1,17,2020
Blinding Lights,The Weeknd,2020-04-11,1,1.0,1,18,2020
Circles,Post Malone,2020-01-11,1,5.0,1,18,2020
Say So,Doja Cat Featuring Nicki Minaj,2020-05-16,1,6.0,1,18,2020
Save Your Tears,The Weeknd & Ariana Grande,2021-05-08,1,6.0,1,18,2021
Rockstar,DaBaby Featuring Roddy Ricch,2020-08-29,3,2.0,1,18,2020
34+35,Ariana Grande Feat. Doja Cat & Megan Thee Stallion,2021-03-13,4,4.0,2,18,2021
Roses,SAINt JHN,2020-08-01,5,8.0,4,18,2020
Dance Monkey,Tones And I,2020-02-15,5,7.0,5,18,2020
Savage Love (Laxed - Siren Beat),Jawsh 685 x Jason Derulo,2020-10-24,6,1.0,1,18,2020
Savage,Megan Thee Stallion,2020-07-25,6,4.0,1,18,2020
"10,000 Hours",Dan + Shay & Justin Bieber,2020-02-15,8,6.0,4,18,2020
Positions,Ariana Grande,2021-03-06,9,10.0,1,18,2021
Come & Go,Juice WRLD x Marshmello,2020-11-21,38,31.0,2,18,2020
Rain On Me,Lady Gaga & Ariana Grande,2020-10-03,41,37.0,1,18,2020
Popstar,DJ Khaled Featuring Drake,2020-11-28,83,64.0,3,18,2020
Stuck With U,Ariana Grande & Justin Bieber,2020-09-19,100,91.0,1,18,2020
Save Your Tears,The Weeknd & Ariana Grande,2021-05-15,1,1.0,1,19,2021
Blinding Lights,The Weeknd,2020-04-18,2,1.0,1,19,2020
Say So,Doja Cat Featuring Nicki Minaj,2020-05-23,2,1.0,1,19,2020
Circles,Post Malone,2020-01-18,3,1.0,1,19,2020
Rockstar,DaBaby Featuring Roddy Ricch,2020-09-05,4,3.0,1,19,2020
Savage Love (Laxed - Siren Beat),Jawsh 685 x Jason Derulo,2020-10-31,5,6.0,1,19,2020
Dance Monkey,Tones And I,2020-02-22,5,5.0,5,19,2020
Savage,Megan Thee Stallion,2020-08-01,6,6.0,1,19,2020
Roses,SAINt JHN,2020-08-08,8,5.0,4,19,2020
34+35,Ariana Grande Feat. Doja Cat & Megan Thee Stallion,2021-03-20,9,4.0,2,19,2021
"10,000 Hours",Dan + Shay & Justin Bieber,2020-02-22,9,8.0,4,19,2020
Positions,Ariana Grande,2021-03-13,11,9.0,1,19,2021
Come & Go,Juice WRLD x Marshmello,2020-11-28,47,38.0,2,19,2020
Rain On Me,Lady Gaga & Ariana Grande,2020-10-10,55,41.0,1,19,2020
Popstar,DJ Khaled Featuring Drake,2020-12-05,96,83.0,3,19,2020
Blinding Lights,The Weeknd,2020-04-25,1,2.0,1,20,2020
Say So,Doja Cat Featuring Nicki Minaj,2020-05-30,2,2.0,1,20,2020
Circles,Post Malone,2020-01-25,3,3.0,1,20,2020
Save Your Tears,The Weeknd & Ariana Grande,2021-05-22,4,1.0,1,20,2021
Rockstar,DaBaby Featuring Roddy Ricch,2020-09-12,4,4.0,1,20,2020
Dance Monkey,Tones And I,2020-02-29,4,5.0,4,20,2020
Roses,SAINt JHN,2020-08-15,5,8.0,4,20,2020
Savage Love (Laxed - Siren Beat),Jawsh 685 x Jason Derulo,2020-11-07,8,5.0,1,20,2020
Savage,Megan Thee Stallion,2020-08-08,9,6.0,1,20,2020
34+35,Ariana Grande Feat. Doja Cat & Megan Thee Stallion,2021-03-27,9,9.0,2,20,2021
Dance Monkey,Tones And I,2020-06-13,49,48.0,4,35,2020
Rockstar,DaBaby Featuring Roddy Ricch,2020-12-26,50,42.0,1,35,2020
Blinding Lights,The Weeknd,2020-08-15,4,5.0,1,36,2020
Someone You Loved,Lewis Capaldi,2020-01-25,6,6.0,1,36,2020
Circles,Post Malone,2020-05-16,8,8.0,1,36,2020
Say So,Doja Cat Featuring Nicki Minaj,2020-09-19,40,46.0,1,36,2020
Dance Monkey,Tones And I,2020-06-20,50,49.0,4,36,2020
Blinding Lights,The Weeknd,2020-08-22,3,4.0,1,37,2020
Someone You Loved,Lewis Capaldi,2020-02-01,8,6.0,1,37,2020
Circles,Post Malone,2020-05-23,10,8.0,1,37,2020
Say So,Doja Cat Featuring Nicki Minaj,2020-09-26,48,40.0,1,37,2020
Blinding Lights,The Weeknd,2020-08-29,4,3.0,1,38,2020
Someone You Loved,Lewis Capaldi,2020-02-08,5,8.0,1,38,2020
Circles,Post Malone,2020-05-30,10,10.0,1,38,2020
Say So,Doja Cat Featuring Nicki Minaj,2020-10-03,47,48.0,1,38,2020
Blinding Lights,The Weeknd,2020-09-05,5,4.0,1,39,2020
Someone You Loved,Lewis Capaldi,2020-02-15,6,5.0,1,39,2020
Circles,Post Malone,2020-06-06,11,10.0,1,39,2020
Blinding Lights,The Weeknd,2020-09-12,5,5.0,1,40,2020
Someone You Loved,Lewis Capaldi,2020-02-22,8,6.0,1,40,2020
Circles,Post Malone,2020-06-13,11,11.0,1,40,2020
Blinding Lights,The Weeknd,2020-09-19,5,5.0,1,41,2020
Someone You Loved,Lewis Capaldi,2020-02-29,8,8.0,1,41,2020
Circles,Post Malone,2020-06-20,11,11.0,1,41,2020
Blinding Lights,The Weeknd,2020-09-26,5,5.0,1,42,2020
Someone You Loved,Lewis Capaldi,2020-03-07,10,8.0,1,42,2020
Circles,Post Malone,2020-06-27,13,11.0,1,42,2020
Blinding Lights,The Weeknd,2020-10-03,7,5.0,1,43,2020
Circles,Post Malone,2020-07-04,10,13.0,1,43,2020
Someone You Loved,Lewis Capaldi,2020-03-14,11,10.0,1,43,2020
Blinding Lights,The Weeknd,2020-10-10,6,7.0,1,44,2020
Circles,Post Malone,2020-07-11,13,10.0,1,44,2020
Someone You Loved,Lewis Capaldi,2020-03-21,15,11.0,1,44,2020
Blinding Lights,The Weeknd,2020-10-17,6,6.0,1,45,2020
Someone You Loved,Lewis Capaldi,2020-03-28,9,15.0,1,45,2020
Circles,Post Malone,2020-07-18,13,13.0,1,45,2020
Blinding Lights,The Weeknd,2020-10-24,4,6.0,1,46,2020
Someone You Loved,Lewis Capaldi,2020-04-04,11,9.0,1,46,2020
Circles,Post Malone,2020-07-25,20,13.0,1,46,2020
Blinding Lights,The Weeknd,2020-10-31,4,4.0,1,47,2020
Someone You Loved,Lewis Capaldi,2020-04-11,10,11.0,1,47,2020
Circles,Post Malone,2020-08-01,18,20.0,1,47,2020
Blinding Lights,The Weeknd,2020-11-07,5,4.0,1,48,2020
Someone You Loved,Lewis Capaldi,2020-04-18,11,10.0,1,48,2020
Circles,Post Malone,2020-08-08,20,18.0,1,48,2020
Blinding Lights,The Weeknd,2020-11-14,4,5.0,1,49,2020
Someone You Loved,Lewis Capaldi,2020-04-25,11,11.0,1,49,2020
Circles,Post Malone,2020-08-15,16,20.0,1,49,2020
Blinding Lights,The Weeknd,2020-11-21,5,4.0,1,50,2020
Someone You Loved,Lewis Capaldi,2020-05-02,15,11.0,1,50,2020
Circles,Post Malone,2020-08-22,15,16.0,1,50,2020
Blinding Lights,The Weeknd,2020-11-28,7,5.0,1,51,2020
Circles,Post Malone,2020-08-29,16,15.0,1,51,2020
Someone You Loved,Lewis Capaldi,2020-05-09,17,15.0,1,51,2020
Blinding Lights,The Weeknd,2020-12-05,9,7.0,1,52,2020
Circles,Post Malone,2020-09-05,16,16.0,1,52,2020
Someone You Loved,Lewis Capaldi,2020-05-16,18,17.0,1,52,2020
Blinding Lights,The Weeknd,2020-12-12,11,9.0,1,53,2020
Circles,Post Malone,2020-09-12,15,16.0,1,53,2020
Someone You Loved,Lewis Capaldi,2020-05-23,18,18.0,1,53,2020
Blinding Lights,The Weeknd,2020-12-19,7,11.0,1,54,2020
Circles,Post Malone,2020-09-19,16,15.0,1,54,2020
Someone You Loved,Lewis Capaldi,2020-05-30,20,18.0,1,54,2020
Circles,Post Malone,2020-09-26,16,16.0,1,55,2020
Blinding Lights,The Weeknd,2020-12-26,18,7.0,1,55,2020
Circles,Post Malone,2020-10-03,17,16.0,1,56,2020
Circles,Post Malone,2020-10-10,17,17.0,1,57,2020
Circles,Post Malone,2020-10-17,22,17.0,1,58,2020
Circles,Post Malone,2020-10-24,19,22.0,1,59,2020
Circles,Post Malone,2020-10-31,19,19.0,1,60,2020
Circles,Post Malone,2020-11-07,18,19.0,1,61,2020
Bang!,AJR,2021-01-02,37,33.0,24,25,2021
Bang!,AJR,2021-01-09,11,37.0,11,26,2021
Bang!,AJR,2021-01-16,9,11.0,9,27,2021
Bang!,AJR,2021-01-23,8,9.0,8,28,2021
Bang!,AJR,2021-01-30,9,8.0,8,29,2021
Bang!,AJR,2021-02-06,10,9.0,8,30,2021
Bang!,AJR,2021-02-13,16,10.0,8,31,2021
Bang!,AJR,2021-02-20,23,16.0,8,32,2021
Bang!,AJR,2021-02-27,31,23.0,8,33,2021
Bang!,AJR,2021-03-06,31,31.0,8,34,2021
Bang!,AJR,2021-03-13,35,31.0,8,35,2021
Blinding Lights,The Weeknd,2021-01-09,3,,3,56,2021
Blinding Lights,The Weeknd,2021-01-16,3,3.0,3,57,2021
Blinding Lights,The Weeknd,2021-01-23,4,3.0,3,58,2021
Blinding Lights,The Weeknd,2021-01-30,4,4.0,3,59,2021
Blinding Lights,The Weeknd,2021-02-06,3,4.0,3,60,2021
Blinding Lights,The Weeknd,2021-02-13,3,3.0,3,61,2021
Blinding Lights,The Weeknd,2021-02-20,3,3.0,3,62,2021
Blinding Lights,The Weeknd,2021-02-27,4,3.0,3,63,2021
Blinding Lights,The Weeknd,2021-03-06,5,4.0,3,64,2021
Blinding Lights,The Weeknd,2021-03-13,3,5.0,3,65,2021
Blinding Lights,The Weeknd,2021-03-20,8,3.0,3,66,2021
Blinding Lights,The Weeknd,2021-03-27,6,8.0,3,67,2021
Blinding Lights,The Weeknd,2021-04-03,6,6.0,3,68,2021
Blinding Lights,The Weeknd,2021-04-10,8,6.0,3,69,2021
Blinding Lights,The Weeknd,2021-04-17,9,8.0,3,70,2021
Blinding Lights,The Weeknd,2021-04-24,11,9.0,3,71,2021
Blinding Lights,The Weeknd,2021-05-01,13,11.0,3,72,2021
Blinding Lights,The Weeknd,2021-05-08,11,13.0,3,73,2021
Blinding Lights,The Weeknd,2021-05-15,11,11.0,3,74,2021
Blinding Lights,The Weeknd,2021-05-22,12,11.0,3,75,2021
Blinding Lights,The Weeknd,2021-05-29,23,12.0,3,76,2021
Run Rudolph Run,Chuck Berry,2021-01-02,10,29.0,10,8,2021
Run Rudolph Run,Chuck Berry,2021-01-09,29,10.0,10,9,2021
A Holly Jolly Christmas,Burl Ives,2020-01-04,4,6.0,4,14,2020
A Holly Jolly Christmas,Burl Ives,2020-12-12,24,,24,15,2020
A Holly Jolly Christmas,Burl Ives,2020-12-19,14,24.0,14,16,2020
A Holly Jolly Christmas,Burl Ives,2020-12-26,6,14.0,6,17,2020
A Holly Jolly Christmas,Burl Ives,2021-01-02,4,6.0,4,18,2021
A Holly Jolly Christmas,Burl Ives,2021-01-09,17,4.0,4,19,2021
Rockin' Around The Christmas Tree,Brenda Lee,2020-01-04,2,2.0,2,32,2020
All I Want For Christmas Is You,Mariah Carey,2020-01-04,1,1.0,1,36,2020
Rockin' Around The Christmas Tree,Brenda Lee,2020-11-28,43,,43,33,2020
Rockin' Around The Christmas Tree,Brenda Lee,2020-12-05,21,43.0,21,34,2020
Rockin' Around The Christmas Tree,Brenda Lee,2020-12-12,4,21.0,4,35,2020
Rockin' Around The Christmas Tree,Brenda Lee,2020-12-19,3,4.0,3,36,2020
Rockin' Around The Christmas Tree,Brenda Lee,2020-12-26,3,3.0,3,37,2020
All I Want For Christmas Is You,Mariah Carey,2020-11-28,29,,29,37,2020
Rockin' Around The Christmas Tree,Brenda Lee,2021-01-02,2,3.0,2,38,2021
All I Want For Christmas Is You,Mariah Carey,2020-12-05,14,29.0,14,38,2020
All I Want For Christmas Is You,Mariah Carey,2020-12-12,2,14.0,2,39,2020
Rockin' Around The Christmas Tree,Brenda Lee,2021-01-09,12,2.0,2,39,2021
All I Want For Christmas Is You,Mariah Carey,2020-12-19,1,2.0,1,40,2020
All I Want For Christmas Is You,Mariah Carey,2020-12-26,2,1.0,1,41,2020
All I Want For Christmas Is You,Mariah Carey,2021-01-02,1,2.0,1,42,2021
All I Want For Christmas Is You,Mariah Carey,2021-01-09,9,1.0,1,43,2021
Don't Start Now,Dua Lipa,2020-01-04,52,42.0,30,8,2020
Gooba,6ix9ine,2020-07-11,55,50.0,3,8,2020
Franchise,Travis Scott Featuring Young Thug & M.I.A.,2020-11-28,58,55.0,1,8,2020
I Hope,Gabby Barrett Featuring Charlie Puth,2020-04-04,30,36.0,30,13,2020
Good Days,SZA,2021-04-03,34,27.0,9,13,2021
Godzilla,Eminem Featuring Juice WRLD,2020-04-25,56,53.0,3,13,2020
Mood,24kGoldn Featuring iann dior,2020-11-21,1,1.0,1,14,2020
Dynamite,BTS,2020-12-05,3,14.0,1,14,2020
Laugh Now Cry Later,Drake Featuring Lil Durk,2020-11-28,5,4.0,2,14,2020
Levitating,Dua Lipa Featuring DaBaby,2021-01-16,7,10.0,7,14,2021
Life Is Good,Future Featuring Drake,2020-04-25,8,5.0,2,14,2020
Drivers License,Olivia Rodrigo,2021-04-24,9,5.0,1,14,2021
Memories,Maroon 5,2020-01-04,9,7.0,4,14,2020
Don't Start Now,Dua Lipa,2020-02-15,9,9.0,9,14,2020
Lose You To Love Me,Selena Gomez,2020-02-01,10,5.0,1,14,2020
Heartless,The Weeknd,2020-03-07,13,14.0,1,14,2020
Holy,Justin Bieber Featuring Chance The Rapper,2021-01-02,21,13.0,3,14,2021
I Hope,Gabby Barrett Featuring Charlie Puth,2020-04-11,22,30.0,22,14,2020
Good Days,SZA,2021-04-10,40,34.0,9,14,2021
Godzilla,Eminem Featuring Juice WRLD,2020-05-02,66,56.0,3,14,2020
Mood,24kGoldn Featuring iann dior,2020-11-28,1,1.0,1,15,2020
Memories,Maroon 5,2020-01-11,2,9.0,2,15,2020
Holy,Justin Bieber Featuring Chance The Rapper,2021-01-09,4,21.0,3,15,2021
Levitating,Dua Lipa Featuring DaBaby,2021-01-23,6,7.0,6,15,2021
Don't Start Now,Dua Lipa,2020-02-22,6,9.0,6,15,2020
Laugh Now Cry Later,Drake Featuring Lil Durk,2020-12-05,7,5.0,2,15,2020
Dynamite,BTS,2020-12-12,10,3.0,1,15,2020
Drivers License,Olivia Rodrigo,2021-05-01,10,9.0,1,15,2021
Life Is Good,Future Featuring Drake,2020-05-02,10,8.0,2,15,2020
Lose You To Love Me,Selena Gomez,2020-02-08,11,10.0,1,15,2020
Heartless,The Weeknd,2020-03-14,17,13.0,1,15,2020
I Hope,Gabby Barrett Featuring Charlie Puth,2020-04-18,20,22.0,20,15,2020
Good Days,SZA,2021-04-17,35,40.0,9,15,2021
Holy,Justin Bieber Featuring Chance The Rapper,2021-02-13,9,8.0,3,20,2021
Levitating,Dua Lipa Featuring DaBaby,2021-02-27,9,8.0,5,20,2021
Life Is Good,Future Featuring Drake,2020-06-06,10,6.0,2,20,2020
Heartless,The Weeknd,2020-04-18,19,12.0,1,20,2020
I Hope,Gabby Barrett Featuring Charlie Puth,2020-05-23,23,21.0,16,20,2020
Dynamite,BTS,2021-01-16,25,5.0,1,20,2021
Lose You To Love Me,Selena Gomez,2020-03-14,27,21.0,1,20,2020
Good Days,SZA,2021-05-22,54,49.0,9,20,2021
Godzilla,Eminem Featuring Juice WRLD,2020-06-13,80,88.0,3,20,2020
Mood,24kGoldn Featuring iann dior,2021-01-09,1,7.0,1,21,2021
Don't Start Now,Dua Lipa,2020-04-04,3,3.0,2,21,2020
Memories,Maroon 5,2020-02-22,4,4.0,2,21,2020
Laugh Now Cry Later,Drake Featuring Lil Durk,2021-01-16,8,7.0,2,21,2021
Levitating,Dua Lipa Featuring DaBaby,2021-03-06,10,9.0,5,21,2021
Life Is Good,Future Featuring Drake,2020-06-13,13,10.0,2,21,2020
Holy,Justin Bieber Featuring Chance The Rapper,2021-02-20,14,9.0,3,21,2021
I Hope,Gabby Barrett Featuring Charlie Puth,2020-05-30,19,23.0,16,21,2020
Heartless,The Weeknd,2020-04-25,21,19.0,1,21,2020
Dynamite,BTS,2021-01-23,35,25.0,1,21,2021
Lose You To Love Me,Selena Gomez,2020-03-21,38,27.0,1,21,2020
Mood,24kGoldn Featuring iann dior,2021-01-16,1,1.0,1,22,2021
Don't Start Now,Dua Lipa,2020-04-11,3,3.0,2,22,2020
Memories,Maroon 5,2020-02-29,7,4.0,2,22,2020
Levitating,Dua Lipa Featuring DaBaby,2021-03-13,10,10.0,5,22,2021
Laugh Now Cry Later,Drake Featuring Lil Durk,2021-01-23,13,8.0,2,22,2021
Life Is Good,Future Featuring Drake,2020-06-20,15,13.0,2,22,2020
Holy,Justin Bieber Featuring Chance The Rapper,2021-02-27,17,14.0,3,22,2021
I Hope,Gabby Barrett Featuring Charlie Puth,2020-06-06,19,19.0,16,22,2020
Heartless,The Weeknd,2020-05-02,28,21.0,1,22,2020
Lose You To Love Me,Selena Gomez,2020-03-28,31,38.0,1,22,2020
Dynamite,BTS,2021-01-30,45,35.0,1,22,2021
Mood,24kGoldn Featuring iann dior,2021-01-23,2,1.0,1,23,2021
Don't Start Now,Dua Lipa,2020-04-18,4,3.0,2,23,2020
Memories,Maroon 5,2020-03-07,9,7.0,2,23,2020
Levitating,Dua Lipa Featuring DaBaby,2021-03-20,13,10.0,5,23,2021
Laugh Now Cry Later,Drake Featuring Lil Durk,2021-01-30,17,13.0,2,23,2021
Life Is Good,Future Featuring Drake,2020-06-27,17,15.0,2,23,2020
I Hope,Gabby Barrett Featuring Charlie Puth,2020-06-13,19,19.0,16,23,2020
Holy,Justin Bieber Featuring Chance The Rapper,2021-03-06,27,17.0,3,23,2021
Heartless,The Weeknd,2020-05-09,37,28.0,1,23,2020
Dynamite,BTS,2021-02-06,46,45.0,1,23,2021
Lose You To Love Me,Selena Gomez,2020-04-04,47,31.0,1,23,2020
Mood,24kGoldn Featuring iann dior,2021-01-30,3,2.0,1,24,2021
Don't Start Now,Dua Lipa,2020-04-25,4,4.0,2,24,2020
Levitating,Dua Lipa Featuring DaBaby,2021-03-27,7,13.0,5,24,2021
Memories,Maroon 5,2020-03-14,9,9.0,2,24,2020
I Hope,Gabby Barrett Featuring Charlie Puth,2020-06-20,18,19.0,16,24,2020
Life Is Good,Future Featuring Drake,2020-07-04,21,17.0,2,24,2020
Laugh Now Cry Later,Drake Featuring Lil Durk,2021-02-06,22,17.0,2,24,2021
Holy,Justin Bieber Featuring Chance The Rapper,2021-03-13,29,27.0,3,24,2021
Dynamite,BTS,2021-02-13,46,46.0,1,24,2021
Godzilla,Eminem Featuring Juice WRLD,2020-05-16,82,66.0,3,16,2020
Mood,24kGoldn Featuring iann dior,2020-12-12,1,2.0,1,17,2020
Memories,Maroon 5,2020-01-25,4,4.0,2,17,2020
Don't Start Now,Dua Lipa,2020-03-07,5,5.0,5,17,2020
Levitating,Dua Lipa Featuring DaBaby,2021-02-06,5,6.0,5,17,2021
Holy,Justin Bieber Featuring Chance The Rapper,2021-01-23,7,4.0,3,17,2021
Laugh Now Cry Later,Drake Featuring Lil Durk,2020-12-19,8,6.0,2,17,2020
Dynamite,BTS,2020-12-26,9,24.0,1,17,2020
Lose You To Love Me,Selena Gomez,2020-02-22,13,11.0,1,17,2020
Life Is Good,Future Featuring Drake,2020-05-16,13,12.0,2,17,2020
Drivers License,Olivia Rodrigo,2021-05-15,14,10.0,1,17,2021
Heartless,The Weeknd,2020-03-28,16,21.0,1,17,2020
I Hope,Gabby Barrett Featuring Charlie Puth,2020-05-02,16,17.0,16,17,2020
Good Days,SZA,2021-05-01,44,39.0,9,17,2021
Godzilla,Eminem Featuring Juice WRLD,2020-05-23,78,82.0,3,17,2020
Mood,24kGoldn Featuring iann dior,2020-12-19,2,1.0,1,18,2020
Don't Start Now,Dua Lipa,2020-03-14,3,5.0,3,18,2020
Heartless,The Weeknd,2020-04-04,4,16.0,1,18,2020
Memories,Maroon 5,2020-02-01,5,4.0,2,18,2020
Levitating,Dua Lipa Featuring DaBaby,2021-02-13,5,5.0,5,18,2021
Holy,Justin Bieber Featuring Chance The Rapper,2021-01-30,8,7.0,3,18,2021
Life Is Good,Future Featuring Drake,2020-05-23,13,13.0,2,18,2020
Drivers License,Olivia Rodrigo,2021-05-22,16,14.0,1,18,2021
Laugh Now Cry Later,Drake Featuring Lil Durk,2020-12-26,17,8.0,2,18,2020
I Hope,Gabby Barrett Featuring Charlie Puth,2020-05-09,19,16.0,16,18,2020
Lose You To Love Me,Selena Gomez,2020-02-29,21,13.0,1,18,2020
Dynamite,BTS,2021-01-02,44,9.0,1,18,2021
Good Days,SZA,2021-05-08,44,44.0,9,18,2021
Don't Start Now,Dua Lipa,2020-02-01,15,14.0,14,12,2020
Dynamite,BTS,2020-11-21,17,16.0,1,12,2020
Heartless,The Weeknd,2020-02-22,17,17.0,1,12,2020
Good Days,SZA,2021-03-27,27,19.0,9,12,2021
Levitating,Dua Lipa Featuring DaBaby,2021-01-02,27,27.0,20,12,2021
I Hope,Gabby Barrett Featuring Charlie Puth,2020-03-28,36,50.0,36,12,2020
Godzilla,Eminem Featuring Juice WRLD,2020-04-18,53,47.0,3,12,2020
Mood,24kGoldn Featuring iann dior,2020-11-14,1,3.0,1,13,2020
Laugh Now Cry Later,Drake Featuring Lil Durk,2020-11-21,4,3.0,2,13,2020
Drivers License,Olivia Rodrigo,2021-04-17,5,5.0,1,13,2021
Lose You To Love Me,Selena Gomez,2020-01-25,5,10.0,1,13,2020
Life Is Good,Future Featuring Drake,2020-04-18,5,5.0,2,13,2020
Don't Start Now,Dua Lipa,2020-02-08,9,15.0,9,13,2020
Levitating,Dua Lipa Featuring DaBaby,2021-01-09,10,27.0,10,13,2021
Holy,Justin Bieber Featuring Chance The Rapper,2020-12-26,13,9.0,3,13,2020
Heartless,The Weeknd,2020-02-29,14,17.0,1,13,2020
Dynamite,BTS,2020-11-28,14,17.0,1,13,2020
